landmark_0_x,landmark_1_x,landmark_2_x,landmark_3_x,landmark_4_x,landmark_5_x,landmark_6_x,landmark_7_x,landmark_8_x,landmark_9_x,landmark_10_x,landmark_11_x,landmark_12_x,landmark_13_x,landmark_14_x,landmark_15_x,landmark_16_x,landmark_17_x,landmark_18_x,landmark_19_x,landmark_20_x,landmark_21_x,landmark_22_x,landmark_23_x,landmark_24_x,landmark_25_x,landmark_26_x,landmark_27_x,landmark_28_x,landmark_29_x,landmark_30_x,landmark_31_x,landmark_32_x,landmark_33_x,landmark_34_x,landmark_35_x,landmark_36_x,landmark_37_x,landmark_38_x,landmark_39_x,landmark_40_x,landmark_41_x,landmark_42_x,landmark_43_x,landmark_44_x,landmark_45_x,landmark_46_x,landmark_47_x,landmark_0_y,landmark_1_y,landmark_2_y,landmark_3_y,landmark_4_y,landmark_5_y,landmark_6_y,landmark_7_y,landmark_8_y,landmark_9_y,landmark_10_y,landmark_11_y,landmark_12_y,landmark_13_y,landmark_14_y,landmark_15_y,landmark_16_y,landmark_17_y,landmark_18_y,landmark_19_y,landmark_20_y,landmark_21_y,landmark_22_y,landmark_23_y,landmark_24_y,landmark_25_y,landmark_26_y,landmark_27_y,landmark_28_y,landmark_29_y,landmark_30_y,landmark_31_y,landmark_32_y,landmark_33_y,landmark_34_y,landmark_35_y,landmark_36_y,landmark_37_y,landmark_38_y,landmark_39_y,landmark_40_y,landmark_41_y,landmark_42_y,landmark_43_y,landmark_44_y,landmark_45_y,landmark_46_y,landmark_47_y,class
0,0,0,0,-5,4,0,0,5,-6,0,0,-3,3,-4,5,0,0,3,8,-2,-7,-15.5,-22.5,-34.5,-30.5,-30.5,27.5,31.5,32.5,23.5,15.5,-13,-6,8,16,-1,1,-1,1,-1,0,-8,10,-2,3,-12,13,2,2,4,2,-2,2,-4,5,-1,1,-4,5,-6,-6,-6,-5,0,0,2,3,2,3,0,-10,-21,-5,8,13,-2,-19,-10,0,-6,-2,-1,-5,0,0,-3,0,0,-3,-6,-5,-4,-4,0,1,sad
0,2.5,-1,-0.5,-17.5,23.5,-0.5,-1.5,20.5,-15.5,0.5,2.5,-8,12,-16,17,0,1,10,21,-9,-27,-60,-96,-142,-146,-134,26,59,94,73,60,-54,-25,22,48,-3.5,3.5,0.5,3.5,-3.5,5.5,-34,31,-9,10,-46,38,6,10,12,8,-8,11,-11,18,-7,9,-15,20,-23,-23,-19,-18,0,1,5,6,5,8,-21.5,-57.5,-84.5,-23.5,22.5,-14.5,-42.5,-76.5,-26.5,21.5,-21,-6,-5,-22,-1,1,-6,-4,4,-3,-22,-21,-13,-11,-1,-2,sad
1,2,3,-0.5,-15.5,15.5,-0.5,-0.5,14,-8,-1,5,-11,5,-17,13,0,2,10,23,-8,-18,-35.5,-65.5,-106.5,-88.5,-66.5,90.5,96.5,96.5,59.5,35.5,-55,-24,19,38,-4.5,4.5,-0.5,1,-1,3,-34,25,-9,6,-40,36,11,5.5,19,6.5,-2.5,1.5,-7.5,9.5,-7.5,7.5,-7.5,9.5,-17,-21,-12,-17,0,5,8,7,12,17,5.5,-5.5,-24.5,22.5,57.5,24.5,-25.5,-72.5,-42.5,-5.5,-6,3,-7,-24,-0.5,0.5,-4.5,-2.5,2.5,-1.5,-7,-19,-10,-14,12,-5,sad
1,-0.5,0,-2,-12,12,0,-4,11.5,-13.5,1.5,-1.5,-1,7,-5,12,0,1,7,18,-8,-20,-48.5,-52.5,-45.5,-23.5,-11.5,70.5,83.5,94.5,67.5,48.5,-29,-16,15,33,-1,1,-4,1.5,-1.5,1.5,-19,21,-4,7,-27,32,7,4,17,5.5,-2.5,9.5,-7.5,12.5,1,3,-8,12,-14,-12,-12,-9,0,6,12,18,9,15,2.5,-28.5,-55.5,-37.5,-20.5,28.5,0.5,-28.5,-16.5,-2.5,-6,1,5,3,-2.5,2.5,-0.5,-1,1,-2,-8,-5,-8,-7,6,13,sad
1,0,1,0,-8,7,-1,0,7,-8,0,1,-4,3,-6,6,0,0,5,12,-3,-10,-29.5,-37.5,-46.5,-38.5,-32.5,7.5,16.5,31.5,30.5,29.5,-20,-9,10,20,-1,1,-1,2,-2,1,-12,13,-3,3,-17,19,4,4,8,4,0,3,-5,7,-1,5,-4,8,-9,-9,-7,-8,0,2,4,6,4,8,-3.5,-17.5,-26.5,-13.5,-1.5,-10.5,-21.5,-31.5,-12.5,3.5,-2,0,-1,-5,-1,1,0,-1,1,-1,-4,-7,-5,-5,5,1,sad
1,4.5,3,-2,-21,19,-2,-1,21.5,-15.5,1.5,5.5,-11,8,-17,17,0,1,14,27,-11,-29,-71,-102,-145,-129,-119,14,32,67,66,71,-59,-24,28,53,-2,2,-8,2.5,-2.5,7.5,-33,34,-10,8,-45,49,6,9.5,11,9.5,-3.5,6.5,-7.5,18.5,-4.5,15.5,-7.5,16.5,-19,-21,-17,-17,0,3,6,6,8,11,-15,-36,-55,-5,37,-23,-62,-83,-38,15,-14,-4,-9,-27,-2.5,2.5,2.5,-4.5,4.5,2.5,-17,-20,-12,-11,2,-5,sad
0,2.5,1,0,-20,23,-1,-1,20.5,-18.5,-0.5,3.5,-9,9,-17,18,0,1,15,33,-12,-36,-81.5,-112.5,-157.5,-159.5,-151.5,19.5,48.5,90.5,88.5,81.5,-64,-29,32,61,-2,2,-1,3.5,-3.5,4.5,-37,37,-10,9,-60,55,10,8,19,8,-3,8,-11,18,-3,10,-13,17,-19,-21,-17,-19,0,5,14,17,14,20,-26,-55,-86,-16,43,-17,-54,-90,-27,26,-10,-2,-5,-20,-1,1,-3,-3,3,-5,-16,-19,-11,-13,8,6,sad
1,1.5,0,-1.5,-15.5,13.5,-2.5,-1.5,16.5,-12.5,1.5,1.5,-5,7,-11,11,0,0,10,24,-6,-20,-39,-57,-84,-75,-66,74,81,89,60,39,-36,-17,19,42,-2.5,2.5,-5.5,4.5,-4.5,3.5,-22,26,-5,7,-32,37,5,9,12,7,-2,8,-8,17,-3,7,-9,18,-16,-16,-13,-13,0,2,7,7,7,9,3,-21,-41,-7,31,28,-14,-55,-31,-3,-12,-1,-3,-12,-3,3,0,-2,2,-3,-11,-14,-9,-9,3,0,sad
0,-0.5,0,0.5,-9.5,8.5,-0.5,0.5,9.5,-9.5,-0.5,-0.5,-5,3,-9,7,0,0,6,15,-4,-13,-45,-61,-84,-77,-69,7,20,45,49,45,-29,-13,14,30,-1.5,1.5,-0.5,1.5,-1.5,-0.5,-18,17,-5,4,-25,24,4,3.5,8,3,-3,3,-4,6,-3.5,5.5,-4.5,9.5,-10,-11,-7,-10,0,2,5,5,5,6,-9,-26,-33,-5,18,-15,-29,-43,-15,9,-10,-2,-3,-13,-1,1,-2,-0.5,0.5,-2.5,-9,-12,-5,-7,1,-2,sad
2,0.5,1,-1,-5,4,0,-1,7.5,-4.5,1.5,-0.5,-1,7,-2,9,0,2,4,11,-2,-11,-47.5,-44.5,-40.5,-25.5,-14.5,32.5,44.5,58.5,53.5,47.5,-20,-10,13,30,-2,2,-1,0.5,-0.5,1.5,-13,19,0,7,-22,18,2,4,4,2,-2,4,-4,6,0,2,-3,8,-10,-8,-8,-6,0,1,2,3,2,1,-10,-32,-55,-38,-22,-5,-23,-33,-9,10,-17,-4,3,-2,-1,1,-2,-1,1,1,-11,-4,-4,-3,-6,3,sad
0,1.5,0,-1,-10,10,-1,-1,11.5,-8.5,1.5,2.5,-4,4,-7,8,0,0,6,15,-5,-15,-35.5,-37.5,-42.5,-26.5,-14.5,65.5,70.5,69.5,48.5,35.5,-26,-13,14,27,-2,2,-2,1.5,-1.5,5.5,-16,17,-4,4,-24,23,5,4,9,3,-2,6,-4,8,-1,5,-3,8,-9,-9,-7,-7,0,4,7,8,7,7,10,-8,-25,-18,-9,13,-6,-30,-22,-10,-8,0,-1,-6,-1,1,-1,-2,2,0,-7,-7,-5,-5,3,3,sad
1,1,1,-0.5,-9.5,6.5,-0.5,-0.5,10,-9,1,1,-4,3,-7,7,0,0,6,15,-5,-13,-46.5,-50.5,-52.5,-38.5,-29.5,23.5,39.5,54.5,49.5,46.5,-22,-10,13,30,-1.5,1.5,-2.5,2,-2,2,-13,18,-4,4,-20,25,5,3.5,10,3.5,-1.5,3.5,-3.5,5.5,-1.5,2.5,-3.5,5.5,-11,-10,-7,-6,0,3,7,11,8,10,0,-15,-33,-25,-14,-19,-22,-26,-13,0,-4,0,2,-1,-1.5,1.5,-1.5,-1.5,1.5,-0.5,-6,-4,-5,-6,5,8,sad
2,2,5,0,-2,3,-2,2,4,-1,-4,4,-3,0,-6,1,0,2,5,10,1,-1,-20.5,-31.5,-47.5,-32.5,-21.5,-6.5,-8.5,-6.5,10.5,20.5,-15,-6,6,8,0,0,-1,1,-1,-1,-9,4,-3,1,-8,10,2,2,6,0.5,2.5,-2.5,-1.5,2.5,-6,3,-3,3,-4,-7,-2,-6,0,1,1,-2,5,10,9,11,15,25,30,-5,-17,-32,-21,-9,10,5,-5,-10,0.5,-0.5,0.5,-1,1,-2,4,-9,-1,-5,13,-6,sad
1,2,3,1,-5,7,-1,2,6,-4,-1,3,-7,1,-10,4,0,1,7,15,-3,-9,-38,-50,-65,-41,-26,8,13,21,31,38,-29,-12,10,20,-1,1,1,0,0,1,-19,12,-6,2,-21,21,3,3.5,6,1,1,-1,-4,4,-4.5,6.5,-1.5,4.5,-7,-11,-4,-11,0,1,2,-1,7,12,21,4,-13,-9,-3,-24,-41,-64,-39,-21,5,5,-6,-20,0,0,0,-1.5,1.5,-0.5,1,-15,-2,-7,12,-9,sad
0,-0.5,0,-2.5,-10.5,5.5,-0.5,-3.5,9.5,-8.5,1.5,-1.5,-2,5,-6,9,0,-1,6,13,-7,-14,-27,-39,-54,-53,-51,39,45,54,42,27,-22,-11,13,28,-1.5,1.5,-4.5,2.5,-2.5,3.5,-14,18,-4,4,-22,23,5,5.5,11,5.5,-2.5,4.5,-4.5,8.5,3.5,3.5,-4.5,9.5,-10,-10,-8,-7,0,3,6,12,5,8,-6,-16,-18,-3,12,23,14,3,4,6,-6,-1,2,1,-2.5,2.5,0.5,-1.5,1.5,0.5,-7,-3,-5,-5,2,10,sad
-1,0,0,-0.5,-5.5,2.5,0.5,-0.5,7,-9,-1,1,-2,3,-4,7,0,0,4,10,-4,-9,-11.5,-19.5,-32.5,-26.5,-23.5,38.5,45.5,41.5,22.5,11.5,-15,-9,10,24,-1.5,1.5,-0.5,2,-2,0,-10,15,-3,4,-15,19,2,4,5,3,-4,4,-5,6,-1,2,-6,8,-8,-7,-6,-5,0,2,4,6,2,2,-2.5,-14.5,-25.5,-8.5,5.5,27.5,3.5,-22.5,-11.5,2.5,-11,-3,0,-2,-1,1,-2,0,0,-3,-9,-4,-4,-3,-4,4,sad
-1,-1,-1,-1.5,-7.5,3.5,0.5,-3.5,10,-10,1,-2,-2,7,-5,10,0,0,3,10,-4,-7,-30,-35,-47,-34,-23,50,63,77,51,30,-11,-8,13,27,-0.5,0.5,-1.5,2,-2,1,-10,19,-3,5,-12,21,5,3.5,9,3.5,-5.5,6.5,-3.5,6.5,2.5,0.5,-5.5,6.5,-10,-7,-10,-4,0,3,6,10,3,3,-3.5,-21.5,-40.5,-20.5,-0.5,37.5,15.5,-7.5,-2.5,3.5,-13,-2,3,1,-1.5,1.5,-0.5,-0.5,0.5,-0.5,-11,-1,-5,-3,-4,11,sad
-1,1,-1,-1.5,-7.5,7.5,1.5,-2.5,11,-10,3,0,-3,4,-6,8,0,-1,4,12,-6,-15,-40,-51,-65,-65,-62,26,38,57,49,40,-23,-12,14,29,-2.5,2.5,-0.5,2,-2,5,-13,17,-4,3,-22,22,3,7.5,7,4,-4,4,-7,6,3.5,2.5,-4.5,9.5,-8,-6,-7,-4,0,3,7,11,4,3,-16.5,-26.5,-34.5,-13.5,-2.5,-3.5,-9.5,-10.5,3.5,16.5,-11,-4,2,0,-1,1,-5,-2.5,2.5,2.5,-9,-3,-5,-3,-3,9,sad
0,5.5,-3,-2,-26,25,-1,-3,26.5,-16.5,1.5,5.5,-7,17,-19,24,0,0,15,36,-16,-44,-49.5,-81.5,-130.5,-148.5,-133.5,127.5,145.5,144.5,83.5,49.5,-80,-36,35,72,-10,10,-2,2.5,-2.5,11.5,-47,46,-9,15,-72,62,13,17,25,12.5,-8.5,8.5,-17.5,21.5,-5,19,-15,23,-31,-30,-23,-21,0,7,18,22,16,21,-5,-46,-70,-8,53,60,6,-69,-36,5,-27,-4,-1,-18,-3.5,3.5,-12.5,-7,7,2,-24,-21,-18,-17,6,9,sad
2,1.5,4,0,-20,17,0,0,17.5,-13.5,0.5,2.5,-11,14,-17,18,0,2,12,30,-9,-24,-77,-101,-106,-47,-13,157,172,169,108,77,-54,-22,25,50,-3,3,0,3.5,-3.5,1.5,-33,34,-9,10,-41,44,6,6,12,4.5,-6.5,5.5,-5.5,7.5,-6,7,-7,8,-18,-18,-18,-18,0,4,8,6,8,8,28,-26,-97,-57,-16,22,-39,-113,-71,-28,-25,-5,-7,-25,-0.5,0.5,-2.5,-1,1,-2,-19,-21,-9,-14,-4,-6,sad
1,5,2,-3,-24,18,-3,-3,25,-21,4,5,-9,8,-17,19,0,0,15,37,-14,-34,-76.5,-108.5,-153.5,-151.5,-139.5,22.5,49.5,95.5,87.5,76.5,-62,-30,32,67,-5,5,-11,6,-6,12,-39,41,-9,10,-55,60,11,14.5,21,16,2,12,-11,25,0.5,14.5,-13.5,25.5,-26,-28,-17,-20,0,5,10,15,13,19,-23.5,-56.5,-78.5,-19.5,38.5,-26.5,-59.5,-87.5,-28.5,23.5,-16,0,-3,-21,-7,7,5,-5.5,5.5,-0.5,-16,-20,-12,-13,8,2,sad
2,3.5,1,-1.5,-22.5,21.5,-3.5,-1.5,22.5,-14.5,2.5,3.5,-6,11,-13,18,0,1,12,28,-9,-29,-49.5,-73.5,-119.5,-111.5,-97.5,108.5,112.5,126.5,81.5,49.5,-56,-23,27,53,-4.5,4.5,-8.5,5.5,-5.5,6.5,-32,34,-6,12,-47,45,9,10.5,14,12,-4,13,-8,19,-7.5,12.5,-10.5,18.5,-18,-20,-14,-16,0,4,7,6,9,10,3,-29,-58,-5,47,42,-8,-64,-36,-3,-22,-3,-5,-23,-5,5,1,-3.5,3.5,-4.5,-16,-18,-8,-10,1,-4,sad
1,1,4,1,-16,15,-1,3,23,-20,0,2,-15,8,-18,13,0,0,17,34,-8,-19,-35,-68,-126,-92,-79,141,143,100,57,35,-38,-20,34,67,-6,6,0,3,-3,4,-25,37,-15,5,-30,56,4,6,9,9,-7,8,-9,13,-4,7,-10,12,-19,-18,-19,-18,0,1,8,9,4,4,8.5,-33.5,-63.5,-3.5,43.5,50.5,-25.5,-100.5,-51.5,-8.5,-24,-9,-6,-16,-2,2,-5,-3,3,1,-21,-17,-13,-14,-9,-1,sad
-1,2.5,0,0.5,-20.5,16.5,-2.5,0.5,21.5,-18.5,1.5,2.5,-8,10,-16,18,0,0,13,30,-12,-30,-98.5,-107.5,-133.5,-84.5,-55.5,62.5,93.5,132.5,113.5,98.5,-52,-26,23,56,-4.5,4.5,-1.5,3.5,-3.5,6.5,-36,35,-11,10,-46,52,6,10.5,19,9.5,-2.5,7.5,-13.5,16.5,0.5,13.5,-14.5,24.5,-22,-21,-17,-16,0,6,12,13,10,15,2.5,-61.5,-119.5,-70.5,-28.5,-35.5,-80.5,-130.5,-56.5,-2.5,-19,-2,-2,-20,-1.5,1.5,-7.5,-4.5,4.5,0.5,-17,-20,-11,-10,0,0,sad
1,3,2,0,-18,20,-2,0,22,-16,0,3,-10,9,-16,15,0,1,14,30,-13,-28,-107.5,-127.5,-143.5,-102.5,-79.5,49.5,79.5,126.5,120.5,107.5,-49,-24,28,58,-3,3,-4,3,-3,5,-33,33,-10,6,-46,48,9,11.5,17,10,0,9,-11,17,-0.5,8.5,-11.5,17.5,-18,-18,-14,-16,0,3,10,12,9,13,2,-52,-116,-75,-41,-50,-88,-128,-63,-2,-12,-3,-4,-16,-3,3,2,-3.5,3.5,-0.5,-15,-16,-11,-11,4,4,sad
-1,0,-2,-1.5,-20.5,14.5,0.5,-4.5,19,-21,1,0,-6,9,-13,16,0,-1,10,27,-11,-29,-55,-81,-119,-120,-111,43,69,93,74,55,-46,-26,23,48,-1.5,1.5,-3.5,2,-2,0,-30,33,-6,11,-45,43,9,7,17,8.5,-5.5,13.5,-11.5,20.5,-2,8,-12,15,-25,-23,-18,-15,0,3,10,15,10,11,-22.5,-56.5,-84.5,-29.5,20.5,15.5,-28.5,-64.5,-17.5,22.5,-20,-2,0,-9,-4.5,4.5,-0.5,0,0,-8,-18,-12,-12,-11,1,7,sad
0,0.5,-1,-0.5,-15.5,18.5,0.5,-1.5,11.5,-9.5,1.5,0.5,-4,10,-11,12,0,1,7,19,-9,-26,-50,-68,-95,-104,-98,31,44,66,53,50,-50,-22,12,26,-1.5,1.5,0.5,1.5,-1.5,3.5,-30,21,-4,7,-41,31,8,8,19,7.5,-5.5,8.5,-12.5,14.5,-1,10,-5,13,-20,-18,-15,-16,0,7,11,16,12,20,-13.5,-38.5,-62.5,-12.5,26.5,-9.5,-28.5,-48.5,-11.5,13.5,-1,3,-1,-10,-1.5,1.5,-3.5,-3,3,3,-8,-13,-8,-10,13,2,sad
2,5.5,5,1.5,-20.5,17.5,-3.5,2.5,19.5,-12.5,-2.5,8.5,-14,2,-22,14,0,3,11,31,-9,-24,-38.5,-63.5,-108.5,-93.5,-77.5,113.5,112.5,90.5,50.5,38.5,-62,-29,28,53,-5.5,5.5,-3.5,0.5,-0.5,5.5,-40,32,-14,6,-48,49,10,11,18,10.5,-2.5,5.5,-11.5,17.5,-5,14,-10,16,-19,-24,-14,-23,0,4,9,6,12,20,11,-22,-41,7,54,19,-36,-91,-51,-11,-3,5,-9,-27,-0.5,0.5,-8.5,-5,5,2,-9,-25,-10,-15,16,-4,sad
0,3,0,-1,-14,13,-1,-1,16,-10,2,4,-6,5,-10,11,0,1,7,17,-7,-19,-56.5,-61.5,-59.5,-31.5,-16.5,63.5,74.5,83.5,65.5,56.5,-40,-18,17,33,-4,4,-2,2,-2,8,-24,22,-6,6,-32,30,3,8,7,5,-2,5,-6,12,-1,9,-5,14,-13,-14,-10,-11,0,1,5,4,4,6,10.5,-18.5,-48.5,-35.5,-13.5,-9.5,-35.5,-64.5,-38.5,-10.5,-11,-2,-5,-15,-1,1,-4,-3,3,1,-12,-12,-6,-7,1,-3,sad
0,1,-2,-3.5,-19.5,18.5,0.5,-5.5,21,-18,1,-1,-5,14,-13,21,0,0,12,28,-10,-29,-78,-102,-133,-128,-126,14,44,90,94,78,-54,-26,31,58,-1.5,1.5,-5.5,2,-2,3,-33,40,-8,13,-51,51,9,9.5,23,10,-7,14,-12,17,1.5,14.5,-10.5,18.5,-27,-24,-21,-15,0,7,15,23,14,18,-32,-75,-104,-48,1,-29,-64,-99,-32,32,-21,-3,2,-9,-4,4,0,-4.5,4.5,2.5,-19,-12,-15,-11,3,14,sad
1,1.5,5,0,-19,18,-4,1,18.5,-13.5,1.5,0.5,-9,2,-17,8,0,0,15,33,-5,-19,-78.5,-103.5,-154.5,-142.5,-131.5,32.5,52.5,83.5,81.5,78.5,-48,-23,26,44,-2,2,-3,2.5,-2.5,5.5,-28,27,-9,6,-41,44,10,7,19,13.5,6.5,5.5,-7.5,17.5,2,5,-10,12,-13,-19,-10,-16,0,6,10,9,12,19,-13.5,-40.5,-54.5,-4.5,27.5,-26.5,-50.5,-79.5,-30.5,13.5,-4,6,-8,-25,-3.5,3.5,3.5,-3,3,3,-7,-20,-5,-9,14,-3,sad
1,0.5,2,0,-11,11,0,0,11.5,-8.5,-0.5,1.5,-6,4,-10,10,0,1,8,20,-4,-16,-29.5,-45.5,-61.5,-51.5,-43.5,62.5,65.5,64.5,41.5,29.5,-30,-15,17,29,-2,2,0,1.5,-1.5,0.5,-19,19,-5,6,-29,29,6,3.5,13,3,-1,3,-7,10,-1.5,5.5,-6.5,9.5,-16,-17,-11,-13,0,4,7,10,8,13,6,-13,-33,-4,17,21,-11,-43,-25,-6,-4,1,-2,-10,0,0,-4,-0.5,0.5,-4.5,-9,-12,-8,-9,10,2,sad
1,1,0,-1,-16,14,0,-2,17,-17,2,1,-5,11,-13,15,0,0,13,30,-10,-28,-85,-90,-88,-54,-30,83,95,111,90,85,-46,-22,25,52,-2,2,0,1,-1,3,-28,33,-5,10,-43,46,7,9,14,6.5,-6.5,10.5,-9.5,13.5,-2,12,-7,19,-23,-21,-19,-15,0,4,10,10,7,7,11,-29,-76,-58,-29,-5,-39,-84,-51,-11,-23,-5,-2,-16,-1.5,1.5,-4.5,-3,3,3,-19,-15,-10,-10,-3,-1,sad
0,4.5,1,-2.5,-23.5,15.5,-6.5,-1.5,21.5,-17.5,0.5,5.5,-10,5,-15,14,0,0,13,26,-9,-27,-47.5,-77.5,-117.5,-105.5,-95.5,79.5,88.5,102.5,72.5,47.5,-48,-23,22,46,-5.5,5.5,-14.5,6.5,-6.5,5.5,-31,28,-9,7,-44,42,8,11.5,15,15.5,4.5,10.5,-10.5,22.5,-4.5,13.5,-13.5,19.5,-19,-20,-13,-15,0,5,11,13,12,19,-3,-18,-32,17,54,21,-8,-59,-13,3,-4,3,-2,-13,-6.5,6.5,3.5,-4.5,4.5,-5.5,-9,-15,-11,-12,12,5,sad
1,1,0,0,-17,19,-1,1,16,-11,-1,2,-7,6,-14,11,0,0,11,23,-9,-24,-58,-87,-128,-121,-102,11,31,74,65,58,-48,-21,19,44,-2,2,-1,2,-2,0,-28,26,-7,4,-40,38,7,4,14,5,-2,5,-12,16,-8,10,-10,17,-14,-15,-11,-14,0,4,9,6,9,13,-8.5,-33.5,-45.5,-0.5,40.5,-27.5,-52.5,-77.5,-33.5,8.5,-7,1,-5,-19,0,0,-7,-1,1,-7,-10,-16,-7,-10,7,-3,sad
3,1,2,0,-19,21,-1,1,20,-21,0,1,-9,13,-18,21,0,1,17,37,-9,-33,-114.5,-135.5,-145.5,-85.5,-49.5,59.5,94.5,147.5,135.5,114.5,-63,-28,34,67,-3,3,-2,3,-3,2,-37,41,-9,12,-54,59,9,9.5,19,6.5,-5.5,9.5,-10.5,18.5,-4.5,14.5,-9.5,18.5,-23,-23,-20,-20,0,5,11,10,10,12,7.5,-49.5,-118.5,-94.5,-56.5,-61.5,-101.5,-138.5,-67.5,-7.5,-25,-5,-7,-26,-0.5,0.5,-4.5,-2.5,2.5,-0.5,-22,-24,-12,-13,0,-4,sad
1,1.5,0,0,-10,11,0,0,11.5,-9.5,2.5,0.5,-3,7,-7,11,0,0,7,16,-6,-16,-62,-69,-63,-40,-24,26,48,75,71,62,-29,-13,16,32,-3,3,0,2.5,-2.5,6.5,-18,19,-3,6,-26,28,4,8.5,10,5.5,-2.5,4.5,-9.5,9.5,1.5,5.5,-5.5,11.5,-13,-12,-10,-9,0,2,6,8,5,6,-7.5,-36.5,-76.5,-56.5,-35.5,-33.5,-51.5,-65.5,-24.5,7.5,-14,-4,-2,-9,-1.5,1.5,-4.5,-2.5,2.5,1.5,-13,-9,-7,-7,-2,2,sad
0,0,-1,-2,-22,18,-1,-2,19,-17,-1,1,-6,10,-13,16,0,0,11,24,-10,-31,-95,-99,-102,-68,-44,40,63,111,104,95,-52,-22,23,46,-1,1,-4,2,-2,0,-30,29,-6,10,-46,41,10,7.5,16,10,-5,12,-9,21,-5.5,12.5,-7.5,16.5,-15,-16,-13,-13,0,6,11,9,11,11,-1.5,-51.5,-107.5,-70.5,-36.5,-39.5,-72.5,-94.5,-43.5,1.5,-19,-3,-4,-16,-3,3,0,-2.5,2.5,-3.5,-16,-15,-10,-10,2,1,sad
1,3.5,3,1,-20,18,-3,2,18.5,-16.5,-1.5,6.5,-13,4,-20,12,0,0,13,30,-11,-29,-47,-78,-123,-109,-94,100,107,111,74,47,-55,-26,24,54,-3,3,-1,0.5,-0.5,4.5,-33,32,-11,6,-45,49,8,9,16,4.5,-5.5,6.5,-10.5,13.5,-5,15,-8,17,-23,-22,-16,-20,0,6,9,9,11,16,6,-26,-44,3,45,31,-19,-71,-38,-6,-11,-2,-4,-22,-0.5,0.5,-7.5,-3,3,1,-13,-20,-10,-12,8,-5,sad
-1,0.5,-4,-1,-18,19,2,-3,18.5,-9.5,1.5,-0.5,0,18,-8,21,0,1,5,18,-13,-36,-76.5,-74.5,-43.5,-13.5,1.5,79.5,103.5,132.5,96.5,76.5,-58,-25,19,35,-4,4,1,2.5,-2.5,4.5,-33,27,-2,15,-55,31,7,7.5,14,6.5,-7.5,10.5,-13.5,17.5,-0.5,8.5,-7.5,14.5,-20,-18,-18,-13,0,4,11,13,7,8,7,-47,-98,-65,-36,6,-33,-71,-41,-7,-27,-6,0,-9,-1.5,1.5,-7.5,-3.5,3.5,2.5,-22,-12,-10,-10,-5,5,sad
-1,1,-3,-1,-18,17,0,-2,10,-7,-1,0,-3,9,-9,13,0,-1,7,18,-10,-29,-72.5,-74.5,-47.5,-24.5,-9.5,48.5,70.5,92.5,79.5,72.5,-48,-20,13,32,-2,2,0,1,-1,2,-27,21,-4,7,-41,28,7,6.5,12,6,-3,7,-10,17,-2.5,9.5,-7.5,16.5,-12,-13,-9,-11,0,4,10,10,9,12,8,-38,-79,-51,-26,-24,-52,-87,-43,-8,-9,1,-2,-10,-1,1,-5,-2.5,2.5,0.5,-10,-11,-7,-8,5,1,sad
3,4,4,0,-27,25,-2,0,23,-26,-4,7,-20,7,-27,17,0,1,15,36,-7,-35,-52.5,-96.5,-152.5,-123.5,-99.5,130.5,136.5,132.5,85.5,52.5,-77,-32,32,61,-8,8,-3,8,-8,-2,-47,39,-16,9,-64,56,14,12.5,26,13.5,0.5,11.5,-19.5,26.5,-4.5,17.5,-18.5,26.5,-29,-34,-20,-30,0,8,16,16,21,34,8,-18,-39,28,86,43,-28,-98,-57,-8,0,6,-8,-26,-3.5,3.5,-9.5,-2.5,2.5,-13.5,-12,-29,-17,-23,27,3,sad
0,5,-2,-2.5,-20.5,15.5,-0.5,-3.5,26,-22,1,6,-8,10,-16,18,0,-2,14,32,-11,-32,-107,-119,-140,-103,-79,60,82,126,120,107,-58,-28,34,74,-4.5,4.5,-4.5,4,-4,9,-36,44,-10,9,-55,57,13,9.5,26,8,-8,11,-9,14,-1.5,7.5,-8.5,17.5,-23,-22,-20,-19,0,7,17,24,14,18,-17,-38,-71,-43,-21,-18,-35,-40,-14,17,-18,-2,0,-6,-3,3,-6,-3.5,3.5,-0.5,-19,-14,-15,-15,4,18,sad
0,0,-1,-2,-17,17,3,-3,21,-16,4,-2,-6,10,-10,19,0,2,16,30,-10,-28,-70,-65,-54,-31,-17,118,143,154,101,70,-44,-24,30,58,-6,6,0,2,-2,7,-29,35,-6,11,-40,53,10,14,19,10,-8,11,-17,19,3,16,-13,27,-19,-17,-16,-13,0,8,14,19,9,8,8,-50,-108,-60,-12,54,-16,-82,-45,-8,-24,-5,1,-7,-4,4,-8,-5,5,6,-20,-10,-10,-9,-5,8,sad
1,0,2,-1.5,-11.5,9.5,-0.5,-1.5,10,-11,0,0,-4,6,-8,10,0,1,9,20,-5,-15,-31.5,-43.5,-52.5,-45.5,-40.5,76.5,79.5,72.5,45.5,31.5,-26,-13,15,28,-1.5,1.5,-2.5,2,-2,-1,-16,18,-4,7,-24,29,3,4.5,8,5.5,-3.5,7.5,-5.5,12.5,-2.5,5.5,-7.5,10.5,-11,-11,-9,-8,0,2,5,5,5,6,8,-22,-46,-17,13,31,-4,-41,-28,-8,-10,-2,-2,-12,-2.5,2.5,1.5,-0.5,0.5,-4.5,-9,-10,-5,-6,0,-3,sad
-1,0.5,-1,-0.5,-11.5,10.5,-0.5,-1.5,9.5,-6.5,1.5,0.5,-3,7,-7,9,0,0,5,12,-7,-17,-44,-45,-35,-15,-2,62,69,78,56,44,-27,-14,13,22,-1.5,1.5,-1.5,1.5,-1.5,2.5,-16,16,-4,5,-25,21,5,5.5,9,3.5,-3.5,6.5,-5.5,8.5,-0.5,3.5,-5.5,8.5,-13,-12,-10,-9,0,3,7,9,6,5,6.5,-19.5,-44.5,-30.5,-10.5,16.5,-3.5,-31.5,-20.5,-6.5,-11,-2,-1,-7,-0.5,0.5,-1.5,-1.5,1.5,-2.5,-11,-8,-7,-6,0,4,sad
2,5,2,-5,-28,24,-2,-6,33,-21,3,4,-12,11,-21,21,0,0,15,36,-14,-35,-101,-136,-188,-187,-183,22,59,124,112,101,-71,-32,37,74,-5,5,-11,4,-4,11,-44,47,-12,9,-61,63,15,16,28,17,-5,16,-14,24,-4,12,-15,22,-28,-29,-21,-22,0,8,18,25,18,27,-30,-72,-99,-33,19,-42,-71,-93,-30,30,-10,0,-2,-13,-7,7,2,-7,7,3,-17,-16,-16,-17,16,16,sad
-3,1.5,-2,0,-23,22,0,0,21.5,-19.5,-0.5,2.5,-9,8,-15,18,0,0,12,31,-15,-38,-99,-106,-107,-63,-34,61,94,135,114,99,-60,-29,28,59,-2,2,-1,1.5,-1.5,1.5,-36,36,-9,9,-57,53,9,9,16,9.5,-2.5,11.5,-9.5,22.5,-1,18,-8,24,-21,-22,-18,-19,0,6,13,15,11,16,6.5,-56.5,-113.5,-87.5,-51.5,-43.5,-75.5,-106.5,-51.5,-6.5,-17,-1,-1,-16,-1.5,1.5,-2.5,-3,3,2,-17,-17,-13,-14,1,5,sad
0,0.5,-1,-1,-17,18,1,-2,17.5,-13.5,0.5,0.5,-6,13,-12,19,0,0,12,30,-13,-36,-100.5,-101.5,-93.5,-55.5,-31.5,58.5,84.5,125.5,109.5,100.5,-63,-31,27,53,-2,2,1,0.5,-0.5,0.5,-34,34,-6,13,-57,46,9,9,16,7,-8,12,-11,16,-2,15,-8,21,-24,-22,-22,-19,0,5,12,13,10,11,-4,-42,-93,-67,-33,-34,-66,-99,-41,4,-24,-5,-3,-15,-1,1,-7,-3,3,3,-20,-16,-15,-15,-2,2,sad
-2,4.5,-3,-1.5,-25.5,24.5,0.5,-2.5,24.5,-14.5,2.5,4.5,-5,13,-15,18,0,-2,9,26,-17,-44,-108,-113,-97,-52,-27,54,81,140,120,108,-68,-31,24,50,-7.5,7.5,0.5,2.5,-2.5,10.5,-37,34,-5,11,-67,44,9,15.5,19,11.5,-7.5,13.5,-17.5,21.5,-1.5,19.5,-9.5,25.5,-30,-28,-23,-22,0,5,14,18,13,16,-7,-73,-136,-96,-59,-44,-86,-120,-49,7,-19,-6,-2,-13,-2.5,2.5,-11.5,-6.5,6.5,2.5,-21,-17,-15,-16,3,8,sad
1,0.5,0,-1,-14,15,0,-2,15.5,-13.5,1.5,1.5,-4,10,-9,14,0,1,8,24,-6,-21,-46,-62,-95,-95,-89,34,51,68,56,46,-39,-17,24,49,-2,2,-2,2.5,-2.5,3.5,-23,30,-2,8,-35,40,6,7,11,6,-3,11,-7,13,-2,7,-6,13,-15,-14,-14,-13,0,3,8,10,6,6,-16,-40,-56,-16,18,6,-21,-47,-15,16,-21,-5,-1,-13,-2,2,-3,-2,2,-1,-18,-13,-9,-9,-4,3,sad
-1,0.5,-2,-1.5,-11.5,8.5,-0.5,-2.5,12.5,-10.5,1.5,0.5,-3,5,-8,9,0,-1,5,13,-7,-16,-27.5,-40.5,-59.5,-60.5,-61.5,41.5,50.5,69.5,42.5,27.5,-29,-14,13,29,-1.5,1.5,-3.5,2.5,-2.5,4.5,-17,19,-4,5,-25,25,5,8,8,6.5,-2.5,9.5,-7.5,11.5,2,5,-7,16,-12,-12,-10,-9,0,2,5,7,4,5,-6.5,-28.5,-46.5,-13.5,13.5,21.5,0.5,-24.5,-9.5,6.5,-13,-2,-1,-8,-2.5,2.5,-0.5,-2,2,1,-11,-8,-6,-5,-2,2,sad
3,0,3,-1,-29,24,-2,-2,22,-19,0,2,-13,13,-21,21,0,2,14,37,-9,-36,-112.5,-130.5,-152.5,-94.5,-60.5,79.5,113.5,161.5,126.5,112.5,-76,-31,31,70,-3,3,-6,5,-5,3,-46,43,-9,12,-57,58,5,4.5,12,7.5,0.5,8.5,-6.5,18.5,-7.5,7.5,-12.5,16.5,-20,-22,-17,-20,0,4,5,1,8,8,21.5,-33.5,-91.5,-59.5,-18.5,-39.5,-74.5,-133.5,-70.5,-21.5,-28,-7,-12,-40,-2.5,2.5,-0.5,-2.5,2.5,-4.5,-21,-30,-11,-12,-1,-15,sad
1,0.5,1,-0.5,-4.5,4.5,-0.5,0.5,4.5,-4.5,-0.5,1.5,-4,1,-6,3,0,1,5,10,-2,-8,-12.5,-19.5,-30.5,-24.5,-20.5,37.5,37.5,27.5,19.5,12.5,-15,-7,9,18,-0.5,0.5,-0.5,0.5,-0.5,1.5,-9,10,-4,1,-14,15,3,3,6,1,-2,1,-4,4,-1,4,-3,4,-8,-8,-6,-7,0,2,3,2,4,4,1.5,-4.5,-8.5,0.5,8.5,5.5,-5.5,-20.5,-11.5,-1.5,-5,-1,-3,-9,0,0,-2,-1,1,0,-5,-8,-3,-4,2,-2,sad
-1,1,-2,-0.5,-11.5,12.5,-0.5,-0.5,12,-9,2,1,-4,6,-9,10,0,-1,6,14,-9,-23,-39.5,-49.5,-64.5,-64.5,-65.5,13.5,29.5,54.5,44.5,39.5,-35,-17,13,26,-3.5,3.5,0.5,3,-3,3,-20,17,-4,5,-35,25,5,8,11,5.5,-4.5,6.5,-9.5,11.5,-1,8,-7,13,-16,-15,-12,-12,0,3,8,10,6,9,-15.5,-38.5,-54.5,-25.5,2.5,-14.5,-33.5,-47.5,-12.5,15.5,-10,-3,-2,-6,-1.5,1.5,-6.5,-2,2,-2,-11,-8,-9,-9,2,4,sad
0,1.5,1,1.5,-4.5,5.5,-1.5,3.5,4.5,-2.5,-2.5,3.5,-5,-1,-8,2,0,0,4,7,-3,-9,-24,-35,-46,-26,-14,8,9,9,19,24,-20,-9,4,11,-1.5,1.5,-0.5,1.5,-1.5,-0.5,-13,6,-5,1,-16,11,1,2,3,2,2,-1,-3,4,-4,4,-3,4,-5,-7,-2,-6,0,1,2,-2,3,7,19.5,7.5,-5.5,-6.5,-3.5,-17.5,-30.5,-46.5,-30.5,-19.5,1,2,-3,-13,0,0,0,-1,1,-2,-1,-10,-2,-5,7,-6,sad
-1,-1,-4,-5.5,-10.5,8.5,2.5,-7.5,7,-9,2,-2,1,11,-5,14,0,-1,2,9,-8,-22,-35.5,-39.5,-53.5,-67.5,-79.5,16.5,37.5,66.5,47.5,35.5,-35,-15,16,34,-2.5,2.5,-2.5,1,-1,2,-18,23,-2,10,-35,24,5,2.5,10,8.5,-8.5,12.5,-8.5,11.5,3.5,0.5,-2.5,6.5,-14,-10,-13,-6,0,3,10,16,5,4,-29.5,-48.5,-70.5,-39.5,-18.5,3.5,-7.5,-13.5,10.5,29.5,-22,-7,7,7,-4.5,4.5,-4.5,-0.5,0.5,1.5,-18,0,-8,-5,-6,17,sad
2,0.5,2,-1.5,-11.5,10.5,0.5,-2.5,12.5,-12.5,1.5,0.5,-5,6,-8,10,0,1,7,17,-5,-14,-57,-61,-61,-36,-21,31,47,71,66,57,-29,-14,18,31,-2.5,2.5,-0.5,2.5,-2.5,2.5,-18,21,-5,6,-25,28,4,7,9,5.5,-2.5,4.5,-7.5,9.5,-2,6,-6,10,-13,-14,-10,-9,0,2,6,8,6,10,0,-29,-56,-43,-29,-27,-39,-51,-25,0,-7,-1,-1,-8,-1.5,1.5,-3.5,-2,2,-1,-9,-8,-7,-7,5,4,sad
0,0.5,0,0,-13,14,-1,0,12.5,-11.5,0.5,0.5,-5,9,-10,13,0,0,7,19,-7,-18,-62,-74,-83,-68,-59,20,41,66,70,62,-36,-17,20,38,-1,1,0,0.5,-0.5,1.5,-22,27,-5,6,-30,33,8,6,14,5,-1,6,-7,12,-1,8,-7,14,-16,-15,-13,-12,0,5,9,14,8,12,-8.5,-40.5,-73.5,-39.5,-12.5,-28.5,-48.5,-73.5,-30.5,8.5,-9,0,1,-5,-1,1,-2,-2,2,2,-10,-8,-8,-8,8,10,sad
1,0.5,0,-0.5,-10.5,7.5,1.5,-2.5,12.5,-13.5,0.5,0.5,-1,7,-6,11,0,1,7,16,-4,-11,-46,-58,-72,-71,-70,25,49,72,55,46,-20,-12,17,36,-3.5,3.5,-0.5,2.5,-2.5,2.5,-12,23,-3,6,-19,29,6,5,11,3.5,-4.5,5.5,-6.5,7.5,2,3,-6,9,-14,-12,-12,-7,0,3,8,15,5,6,-21,-44,-63,-33,-9,-9,-22,-37,-1,21,-13,-5,4,1,-2.5,2.5,-3.5,-1,1,0,-13,-3,-6,-5,0,11,sad
-4,-3,-9,-5.5,-5.5,0.5,3.5,-9.5,7,-14,5,-7,11,17,6,17,0,-2,0,4,-11,-21,-6,5,5,-25,-49,5,24,49,25,6,-15,-9,10,25,1.5,-1.5,-1.5,1,-1,0,-4,20,4,10,-23,16,4,2.5,7,3.5,-8.5,13.5,-4.5,6.5,10.5,-7.5,-2.5,5.5,-14,-3,-15,1,0,3,11,24,-4,-12,-33,-54,-86,-68,-47,5,12,21,26,33,-35,-17,14,23,-2.5,2.5,-0.5,0.5,-0.5,2.5,-23,12,-8,-1,-25,27,sad
-2,-1,-3,-1.5,-11.5,7.5,0.5,-4.5,15,-12,2,-2,-2,6,-5,10,0,-1,4,13,-6,-15,-37,-47,-69,-69,-70,55,74,86,59,37,-23,-14,14,35,-0.5,0.5,-2.5,2,-2,2,-15,22,-4,5,-22,28,4,5,9,4,-5,9,-5,12,4,0,-7,10,-12,-9,-11,-7,0,3,8,13,4,3,-9.5,-24.5,-39.5,-12.5,12.5,40.5,23.5,-6.5,-0.5,9.5,-19,-5,2,0,-2,2,1,0,0,-3,-14,-4,-6,-5,-7,10,sad
0,0.5,2,0.5,-10.5,9.5,-1.5,1.5,8.5,-5.5,-1.5,2.5,-9,-1,-13,3,0,-1,9,16,-3,-15,-47.5,-63.5,-93.5,-58.5,-32.5,15.5,24.5,41.5,45.5,47.5,-31,-13,8,22,-2.5,2.5,-1.5,0.5,-0.5,0.5,-20,10,-7,2,-25,19,3,3,7,4,2,1,-6,6,-4,8,-2,7,-7,-10,-4,-10,0,1,2,-4,4,8,21.5,3.5,-15.5,-9.5,-1.5,-27.5,-45.5,-65.5,-41.5,-21.5,-3,1,-7,-21,0,0,-2,-1,1,0,-5,-16,-3,-8,5,-14,sad
0,0.5,0,0,-8,7,0,-1,8.5,-7.5,-0.5,0.5,-3,4,-6,6,0,-1,4,10,-5,-11,-29,-37,-54,-54,-54,5,13,31,31,29,-21,-10,10,23,-2,2,0,2.5,-2.5,1.5,-14,15,-4,4,-18,19,2,4.5,5,3,-3,4,-6,7,-1.5,4.5,-5.5,7.5,-9,-8,-7,-6,0,1,2,2,2,2,-11.5,-25.5,-38.5,-14.5,5.5,-10.5,-26.5,-39.5,-15.5,11.5,-11,-3,-3,-10,-1,1,-3,-1.5,1.5,-2.5,-8,-8,-4,-3,-2,-1,sad
1,2,1,-0.5,-7.5,5.5,-1.5,0.5,8,-7,1,2,-4,3,-8,6,0,0,7,12,-4,-12,-24.5,-37.5,-51.5,-43.5,-37.5,50.5,50.5,49.5,35.5,24.5,-24,-11,12,21,-2.5,2.5,-2.5,3,-3,3,-14,13,-4,4,-21,19,3,5.5,6,3.5,-2.5,3.5,-4.5,6.5,-1.5,4.5,-6.5,9.5,-9,-10,-7,-8,0,1,1,1,3,4,4,-6,-16,5,17,9,-10,-30,-17,-4,-6,-1,-4,-13,-1.5,1.5,-1.5,-2.5,2.5,-2.5,-7,-10,-4,-4,2,-5,sad
2,1.5,1,0,-9,11,0,0,8.5,-5.5,0.5,1.5,-3,4,-8,6,0,1,9,19,-4,-13,-42.5,-55.5,-74.5,-66.5,-62.5,15.5,29.5,52.5,45.5,42.5,-26,-12,13,31,-2,2,0,0.5,-0.5,3.5,-16,18,-4,4,-21,26,6,4,9,3,-1,3,-5,9,-1,4,-5,10,-9,-9,-6,-8,0,2,5,5,6,8,-5,-20,-41,-12,7,-12,-29,-45,-18,5,-6,1,-2,-10,-1,1,-1,-2,2,1,-6,-9,-3,-6,4,-2,sad
2,2.5,3,0.5,-13.5,13.5,-1.5,1.5,12.5,-10.5,-1.5,4.5,-10,3,-14,9,0,1,13,25,-6,-21,-30.5,-54.5,-92.5,-75.5,-63.5,71.5,70.5,71.5,47.5,30.5,-41,-18,19,37,-1.5,1.5,-1.5,0.5,-0.5,2.5,-25,22,-8,4,-33,35,8,7.5,14,6.5,2.5,5.5,-5.5,14.5,-3.5,10.5,-4.5,13.5,-14,-17,-9,-16,0,4,7,5,10,15,8.5,0.5,-5.5,27.5,51.5,14.5,-20.5,-52.5,-32.5,-8.5,-2,3,-7,-18,-2.5,2.5,2.5,-2.5,2.5,0.5,-6,-16,-8,-11,11,-4,sad
0,0,0,-1.5,-9.5,8.5,1.5,-2.5,11,-10,1,0,-3,5,-7,9,0,-1,5,13,-4,-12,-38.5,-46.5,-63.5,-62.5,-65.5,18.5,30.5,52.5,47.5,38.5,-21,-11,13,29,-3.5,3.5,0.5,3,-3,2,-14,18,-4,5,-20,24,3,6,8,5.5,-2.5,5.5,-9.5,10.5,1,2,-9,11,-10,-10,-8,-6,0,2,6,10,4,6,-9,-22,-30,-10,9,-5,-14,-20,-4,9,-9,-2,2,-1,-2.5,2.5,-5.5,-1,1,-3,-9,-5,-5,-4,1,9,sad
1,-0.5,0,-1,-5,4,1,-1,7.5,-6.5,-0.5,-0.5,0,5,-1,7,0,1,4,10,-2,-7,-26,-38,-53,-49,-51,15,27,40,31,26,-10,-6,12,20,-1,1,0,1.5,-1.5,-0.5,-6,13,0,4,-11,17,4,2.5,6,2.5,-1.5,4.5,-3.5,5.5,-1.5,2.5,-5.5,5.5,-6,-4,-6,-4,0,3,3,6,3,3,-5.5,-17.5,-29.5,-10.5,1.5,-3.5,-3.5,-10.5,3.5,5.5,-7,-1,2,-3,-0.5,0.5,-2.5,-0.5,0.5,-2.5,-6,-3,-2,-1,-1,5,sad
1,1.5,1,-0.5,-11.5,10.5,-1.5,-0.5,11.5,-11.5,0.5,2.5,-4,3,-9,8,0,0,8,18,-5,-14,-47,-54,-62,-45,-27,71,75,80,62,47,-29,-13,16,34,-3.5,3.5,-3.5,2.5,-2.5,3.5,-19,20,-4,4,-26,31,6,8.5,13,7,-1,6,-8,12,-0.5,7.5,-7.5,13.5,-11,-11,-7,-8,0,3,8,12,8,14,18.5,-3.5,-21.5,-19.5,-12.5,-2.5,-12.5,-29.5,-24.5,-18.5,0,3,2,-4,-2,2,-2,-2.5,2.5,-1.5,-4,-7,-4,-6,11,6,sad
0,-0.5,0,-1,-6,4,1,-1,5.5,-4.5,1.5,-1.5,0,5,-2,6,0,0,3,6,-3,-8,-21.5,-21.5,-21.5,-23.5,-21.5,9.5,19.5,33.5,26.5,21.5,-13,-7,6,12,-1,1,-1,1.5,-1.5,1.5,-8,9,-2,3,-12,10,0,2.5,1,2,-2,3,-4,4,1.5,1.5,-3.5,5.5,-7,-6,-6,-4,0,-1,2,3,1,-1,-6.5,-17.5,-28.5,-14.5,-3.5,-4.5,-13.5,-18.5,-3.5,6.5,-9,-3,-1,-5,-1,1,-2,-0.5,0.5,0.5,-8,-5,-4,-3,-4,0,sad
-1,0,-2,-2,-7,4,2,-4,7,-7,1,-1,1,7,-1,8,0,1,3,8,-4,-10,-20,-27,-32,-37,-41,27,36,47,32,20,-12,-8,9,17,-1,1,0,1,-1,1,-8,13,1,6,-15,14,3,4.5,6,3,-4,4,-5,6,1.5,1.5,-4.5,7.5,-8,-6,-7,-3,0,1,6,9,2,1,-10,-22,-41,-18,1,25,11,-5,3,10,-12,-5,3,3,-1,1,-2,-0.5,0.5,1.5,-10,-1,-5,-3,-4,9,sad
2,2,2,0,-6,4,-1,1,7,-3,0,3,-4,1,-5,4,0,1,4,9,-1,-5,-19.5,-30.5,-43.5,-36.5,-28.5,3.5,7.5,15.5,20.5,19.5,-11,-5,8,15,-1,1,-2,0,0,3,-8,10,-3,1,-9,15,3,3,6,3,0,2,-3,5,-1,5,-3,7,-6,-7,-4,-6,0,2,3,3,3,5,2,-7,-12,1,10,-7,-18,-32,-15,-2,-2,0,-3,-6,-1,1,0,-2,2,1,-4,-6,-3,-4,3,0,sad
2,0.5,2,-1,-17,15,-1,-1,14.5,-13.5,0.5,0.5,-3,8,-8,11,0,2,9,17,-5,-14,-78.5,-90.5,-94.5,-64.5,-41.5,48.5,64.5,100.5,85.5,78.5,-39,-19,18,34,-3,3,-2,2.5,-2.5,1.5,-25,21,-4,7,-33,29,6,6,13,6.5,-2.5,3.5,-8.5,9.5,-3,5,-8,11,-13,-13,-10,-9,0,2,8,14,10,15,-1,-33,-65,-57,-40,-35,-48,-61,-30,1,-6,2,0,-9,-0.5,0.5,-3.5,-2,2,-1,-9,-10,-6,-8,10,7,sad
0,-0.5,1,0,-7,7,0,0,7.5,-7.5,1.5,-0.5,-2,3,-5,5,0,0,4,10,-2,-7,-21,-31,-44,-43,-39,34,36,40,29,21,-16,-8,9,18,-2,2,-1,1.5,-1.5,1.5,-9,11,-3,3,-13,18,2,4,7,4,-1,3,-4,7,0,2,-3,6,-8,-7,-6,-6,0,2,4,7,4,8,0,-10,-15,2,19,18,4,-12,-4,0,-2,1,1,-2,-1,1,-1,-1,1,0,-3,-5,-3,-4,5,3,sad
1,0.5,1,-0.5,-7.5,7.5,-0.5,-0.5,9.5,-6.5,1.5,0.5,-3,4,-7,7,0,0,6,14,-3,-12,-39.5,-45.5,-49.5,-30.5,-18.5,56.5,61.5,66.5,50.5,39.5,-22,-11,13,28,-1.5,1.5,-1.5,1.5,-1.5,2.5,-14,18,-4,4,-22,23,5,3,10,3,-2,5,-4,5,-1,3,-3,7,-10,-10,-8,-7,0,3,8,9,6,8,6,-9,-26,-20,-10,8,0,-15,-11,-6,-6,1,0,-3,-1,1,-2,-1,1,0,-7,-6,-5,-5,4,7,sad
0,0,0,0,-5,5,0,0,6,-5,1,-1,-2,1,-4,4,0,0,3,8,-3,-9,-23,-30,-36,-36,-34,15,21,28,25,23,-14,-7,9,16,-2,2,0,1,-1,2,-9,10,-3,2,-14,14,2,4.5,5,2.5,-0.5,2.5,-4.5,5.5,0.5,2.5,-3.5,6.5,-5,-6,-4,-5,0,1,4,5,3,4,-6,-11,-13,-3,5,-2,-5,-8,-1,6,-4,-1,0,-2,-0.5,0.5,-3.5,-1.5,1.5,0.5,-4,-4,-3,-3,1,3,sad
0,0.5,0,0,-8,6,0,-1,8.5,-7.5,1.5,0.5,-3,4,-6,7,0,-1,4,11,-4,-11,-34,-36,-35,-21,-14,25,34,48,38,34,-20,-10,10,21,-2,2,0,0.5,-0.5,2.5,-13,13,-4,4,-18,18,3,3.5,6,3,-3,4,-4,7,-0.5,4.5,-2.5,7.5,-8,-7,-6,-6,0,2,4,5,3,4,-2,-18,-37,-27,-15,-10,-20,-32,-13,2,-9,-1,-1,-5,-1,1,-3,-1.5,1.5,0.5,-7,-6,-3,-4,0,2,sad
0,1,-1,-0.5,-9.5,9.5,-0.5,-0.5,11,-7,2,0,-4,6,-9,9,0,0,7,18,-7,-17,-55.5,-60.5,-72.5,-50.5,-36.5,44.5,54.5,75.5,65.5,55.5,-31,-14,14,28,-2.5,2.5,-1.5,2,-2,3,-18,18,-4,5,-26,26,5,5.5,9,3,-3,3,-6,7,-1.5,5.5,-2.5,9.5,-11,-10,-9,-9,0,2,7,9,6,8,-1,-19,-40,-27,-17,-9,-24,-40,-17,1,-7,-1,0,-6,-1,1,-2,-1.5,1.5,1.5,-8,-8,-4,-6,4,2,sad
-2,-1,-4,-2.5,-6.5,4.5,1.5,-3.5,5,-5,2,-2,2,8,-2,8,0,-1,2,6,-7,-13,-14.5,-15.5,-27.5,-29.5,-32.5,11.5,22.5,35.5,24.5,14.5,-13,-8,7,18,0.5,-0.5,-1.5,1,-1,1,-8,13,-1,5,-16,13,3,2,5,2.5,-3.5,5.5,-3.5,4.5,3,-2,-3,3,-10,-6,-9,-2,0,1,6,10,0,-3,-12,-25,-37,-23,-12,5,-1,-5,4,12,-17,-7,3,5,-0.5,0.5,0.5,0,0,0,-13,1,-6,-3,-9,9,sad
-1,-1.5,-3,-3,-10,5,1,-4,9.5,-9.5,1.5,-1.5,-1,7,-4,10,0,-1,4,11,-6,-14,-16.5,-22.5,-38.5,-45.5,-50.5,35.5,46.5,54.5,34.5,16.5,-18,-10,13,28,-1,1,-3,1.5,-1.5,2.5,-11,18,-2,5,-21,20,5,5,10,3,-6,6,-4,5,3,2,-3,8,-11,-8,-10,-5,0,3,6,10,3,1,-7.5,-26.5,-42.5,-18.5,3.5,41.5,18.5,-11.5,-4.5,7.5,-16,-5,2,0,-2,2,-2,-1,1,3,-12,-2,-6,-3,-7,9,sad
-2,-0.5,-5,-2.5,-5.5,2.5,0.5,-3.5,7.5,-5.5,1.5,-0.5,2,9,0,10,0,-1,2,7,-5,-12,-18,-23,-30,-33,-33,29,41,52,35,18,-10,-6,10,19,-0.5,0.5,-1.5,1.5,-1.5,3.5,-5,14,0,6,-14,15,5,5,9,2.5,-3.5,4.5,-3.5,4.5,4,1,-1,7,-10,-6,-10,-2,0,3,8,14,3,2,-6.5,-19.5,-30.5,-15.5,-3.5,32.5,21.5,8.5,5.5,6.5,-12,-4,6,9,-1.5,1.5,-1.5,-1,1,3,-11,3,-6,-3,-5,14,sad
0,1,0,0.5,-8.5,8.5,-0.5,0.5,8,-7,1,1,-3,2,-7,5,0,0,6,12,-4,-11,-30.5,-33.5,-38.5,-20.5,-9.5,53.5,56.5,60.5,42.5,30.5,-21,-11,10,22,-1.5,1.5,-0.5,1,-1,2,-13,13,-4,3,-20,18,3,2.5,6,2,-2,3,-4,5,-1.5,5.5,-1.5,6.5,-8,-8,-5,-7,0,1,4,4,4,5,9,-5,-25,-15,-3,3,-15,-32,-21,-9,-5,0,-1,-6,0,0,-2,-1.5,1.5,0.5,-5,-7,-4,-4,3,1,sad
0,-0.5,1,-0.5,-8.5,7.5,0.5,-1.5,9.5,-8.5,-0.5,-0.5,-2,7,-6,9,0,1,6,14,-5,-13,-30.5,-43.5,-56.5,-59.5,-57.5,6.5,18.5,38.5,36.5,30.5,-22,-11,15,28,-0.5,0.5,-1.5,1.5,-1.5,-0.5,-13,18,-3,5,-20,24,3,3,6,4.5,-2.5,8.5,-5.5,9.5,-1,2,-6,9,-11,-10,-9,-7,0,2,5,6,3,2,-16.5,-31.5,-44.5,-19.5,2.5,-10.5,-22.5,-36.5,-10.5,16.5,-14,-5,-1,-7,-1.5,1.5,-1.5,-1,1,-4,-12,-7,-6,-5,-4,2,sad
-3,-1,-6,-1,-12,12,3,-2,11,-9,5,-2,-2,9,-10,13,0,-2,7,18,-12,-23,-54.5,-67.5,-90.5,-104.5,-103.5,29.5,50.5,74.5,65.5,54.5,-38,-21,17,38,-5,5,1,4,-4,3,-22,24,-5,8,-34,31,9,7,15,6.5,-8.5,6.5,-11.5,10.5,5,-3,-10,10,-14,-11,-12,-6,0,3,13,18,6,5,-42,-61,-78,-45,-16,-7,-20,-25,12,42,-21,-4,4,4,-2.5,2.5,-7.5,0,0,-3,-17,-2,-8,-6,-2,14,sad
1,0,2,0,-5,4,0,0,7,-7,-1,0,-5,2,-6,5,0,1,4,11,-1,-5,-26,-35,-47,-43,-39,7,14,24,27,26,-14,-6,10,20,-1,1,-1,3,-3,-1,-9,12,-4,2,-12,17,3,4,6,3.5,0.5,1.5,-4.5,5.5,-1,3,-5,7,-9,-9,-6,-8,0,1,2,4,3,5,-4,-13,-19,-5,8,-6,-17,-34,-13,4,-5,-1,-2,-6,-0.5,0.5,-1.5,-1,1,-3,-5,-7,-5,-6,3,1,sad
0,0,-1,-0.5,-15.5,15.5,1.5,-2.5,17,-15,2,0,-4,9,-12,15,0,0,9,19,-7,-23,-35,-63,-93,-82,-75,85,94,99,61,35,-44,-18,21,46,-4.5,4.5,1.5,3,-3,2,-25,30,-6,10,-39,38,9,11,17,6.5,-3.5,9.5,-12.5,16.5,4,8,-11,20,-17,-16,-16,-11,0,5,11,14,8,12,2.5,-24.5,-42.5,-3.5,27.5,45.5,-1.5,-44.5,-27.5,-2.5,-17,-3,0,-8,-1.5,1.5,-7.5,-3,3,1,-16,-10,-9,-8,2,9,sad
0,0,-1,-0.5,-5.5,5.5,0.5,-0.5,8,-5,1,0,-5,4,-9,5,0,0,6,13,-4,-13,-25.5,-41.5,-66.5,-57.5,-49.5,36.5,45.5,57.5,36.5,25.5,-27,-15,10,24,-1.5,1.5,-0.5,1,-1,2,-17,15,-5,3,-21,20,3,2.5,6,2,0,2,-3,5,0.5,1.5,-3.5,6.5,-9,-9,-7,-8,0,4,6,3,5,5,-4,-18,-32,-1,16,10,-11,-40,-13,4,-9,-1,-2,-13,-1,1,0,-0.5,0.5,1.5,-8,-12,-5,-5,2,-3,sad
0,1,1,0,-8,8,-1,0,9,-10,1,2,-5,4,-7,7,0,0,6,13,-3,-9,-28,-37,-46,-36,-30,30,39,48,37,28,-22,-10,13,23,-2,2,0,1,-1,4,-13,14,-4,4,-17,20,3,5,6,3.5,-2.5,3.5,-4.5,6.5,-1,7,-4,8,-9,-9,-7,-7,0,1,3,4,3,4,-3.5,-18.5,-28.5,-15.5,1.5,3.5,-15.5,-31.5,-15.5,3.5,-8,-2,-3,-9,-0.5,0.5,-3.5,-3,3,1,-8,-8,-5,-6,0,-1,sad
0,1,0,0,-7,7,0,0,6,-5,2,1,-1,5,-5,5,0,0,4,8,-5,-11,-29.5,-30.5,-27.5,-16.5,-11.5,20.5,27.5,37.5,30.5,29.5,-20,-10,8,16,-2,2,0,1,-1,3,-12,11,-2,3,-17,14,4,4.5,8,3,-3,3,-5,4,0.5,3.5,-1.5,7.5,-8,-7,-6,-5,0,2,5,8,5,7,-1.5,-14.5,-29.5,-20.5,-10.5,-6.5,-12.5,-22.5,-9.5,1.5,-2,0,2,0,-1,1,-3,-1.5,1.5,2.5,-4,-3,-4,-4,6,6,sad
0,2.5,-1,0.5,-15.5,14.5,-1.5,0.5,11.5,-8.5,1.5,2.5,-5,7,-9,9,0,-1,6,13,-6,-19,-36,-53,-81,-82,-77,15,28,48,40,36,-38,-15,13,24,-3.5,3.5,-0.5,2.5,-2.5,4.5,-21,16,-4,5,-32,21,4,9,10,5.5,-3.5,1.5,-12.5,13.5,-1,11,-8,15,-14,-14,-10,-13,0,3,4,6,5,11,-6.5,-25.5,-41.5,-6.5,26.5,-14.5,-31.5,-47.5,-16.5,6.5,-4,0,-3,-11,-0.5,0.5,-7.5,-4,4,0,-7,-12,-6,-8,8,-1,sad
3,1,3,-1.5,-12.5,11.5,-1.5,-0.5,13,-13,0,3,-4,7,-10,9,0,2,10,20,-8,-17,-62.5,-73.5,-82.5,-62.5,-47.5,38.5,57.5,78.5,71.5,62.5,-34,-16,20,40,-4.5,4.5,-3.5,5,-5,2,-23,24,-5,6,-32,33,8,10,16,7,-2,6,-11,11,1,2,-11,14,-13,-12,-7,-5,0,5,12,20,13,18,-3.5,-26.5,-47.5,-31.5,-11.5,-19.5,-22.5,-36.5,-13.5,3.5,2,4,5,2,-2,2,-4,-2,2,-3,-4,-2,-6,-5,16,16,sad
-3,-1.5,-5,-2,-12,10,3,-4,9.5,-8.5,2.5,-2.5,-1,8,-7,12,0,-3,3,13,-9,-24,-28,-38,-57,-64,-67,44,59,81,53,28,-32,-16,13,33,-4,4,2,3.5,-3.5,2.5,-17,22,-3,7,-34,25,7,6.5,12,4.5,-8.5,7.5,-6.5,7.5,5.5,3.5,-2.5,9.5,-14,-11,-13,-8,0,4,11,14,6,4,-12.5,-35.5,-51.5,-26.5,1.5,44.5,22.5,1.5,4.5,12.5,-19,-5,3,1,-2.5,2.5,-5.5,-1.5,1.5,3.5,-14,-4,-8,-6,-5,12,sad
2,2,5,0.5,-8.5,5.5,-1.5,1.5,9,-3,-1,4,-9,-2,-10,2,0,1,7,17,-2,-8,-23.5,-39.5,-57.5,-32.5,-13.5,59.5,49.5,35.5,24.5,23.5,-21,-10,11,22,-1.5,1.5,-1.5,1,-1,3,-15,11,-5,1,-15,23,3,2.5,6,1.5,2.5,-0.5,-4.5,2.5,-7.5,8.5,-2.5,4.5,-5,-9,-2,-11,0,2,0,-4,6,9,22,9,-5,-2,6,-22,-51,-71,-48,-22,1,4,-10,-23,0.5,-0.5,-0.5,-1.5,1.5,-1.5,1,-16,-1,-5,8,-14,sad
1,2.5,2,0.5,-5.5,6.5,-1.5,1.5,7.5,-2.5,-0.5,3.5,-7,-1,-9,1,0,1,6,11,-2,-9,-35.5,-50.5,-65.5,-45.5,-29.5,2.5,2.5,8.5,26.5,35.5,-22,-9,6,11,-2.5,2.5,-1.5,0.5,-0.5,3.5,-14,6,-4,1,-15,13,2,3.5,3,3,3,0,-2,4,-5.5,6.5,-3.5,4.5,-5,-8,-2,-7,0,1,0,-4,4,8,24.5,11.5,-3.5,-5.5,-4.5,-20.5,-37.5,-59.5,-42.5,-24.5,3,3,-6,-16,0,0,1,-2.5,2.5,-1.5,0,-11,-2,-5,7,-12,sad
0,0.5,0,-0.5,-5.5,4.5,0.5,-0.5,5.5,-4.5,1.5,0.5,-3,3,-4,4,0,0,3,7,-2,-5,-23.5,-26.5,-31.5,-21.5,-14.5,8.5,16.5,29.5,24.5,23.5,-14,-7,7,15,-0.5,0.5,-1.5,1.5,-1.5,0.5,-9,9,-3,2,-11,12,1,1.5,4,2,-1,3,-3,5,-1.5,0.5,-3.5,3.5,-6,-6,-5,-6,0,1,2,3,2,3,-0.5,-11.5,-24.5,-15.5,-7.5,-10.5,-19.5,-26.5,-11.5,0.5,-5,-1,-2,-7,-1,1,0,-0.5,0.5,-0.5,-5,-7,-3,-4,1,-1,sad
-1,0,-1,-3.5,-10.5,7.5,0.5,-3.5,14,-13,4,-2,-2,7,-7,10,0,0,7,18,-6,-15,-50.5,-61.5,-73.5,-69.5,-64.5,23.5,43.5,69.5,59.5,50.5,-19,-11,18,33,-1.5,1.5,-5.5,2,-2,5,-12,21,-5,7,-22,31,5,7,13,6.5,-4.5,7.5,-6.5,9.5,3,7,-7,13,-16,-14,-13,-9,0,4,9,15,6,8,-15.5,-28.5,-36.5,-17.5,-2.5,-12.5,-19.5,-15.5,4.5,15.5,-12,-4,3,-2,-2.5,2.5,-0.5,-3,3,3,-12,-6,-8,-6,-2,9,sad
-2,-6,-11,-9,-12,4,6,-13,16,-19,6,-9,11,21,5,24,0,-1,6,18,-6,-17,-64,-39,-14,-18,-28,68,106,155,104,64,-9,-8,27,59,3,-3,-5,5,-5,2,-2,41,4,16,-20,42,8,7.5,16,6.5,-15.5,18.5,-9.5,11.5,14.5,-6.5,-1.5,10.5,-21,-10,-23,-4,0,3,16,31,3,-6,-39.5,-63.5,-115.5,-59.5,-24.5,86.5,61.5,30.5,35.5,39.5,-41,-17,15,26,-2.5,2.5,1.5,-0.5,0.5,6.5,-31,9,-11,-2,-25,35,angry
2,2,0,-1.5,-16.5,13.5,-2.5,-2.5,19,-12,2,2,-5,8,-12,14,0,1,10,23,-6,-22,-62.5,-80.5,-107.5,-101.5,-91.5,26.5,43.5,73.5,69.5,62.5,-39,-18,23,48,-2.5,2.5,-6.5,2,-2,6,-23,30,-7,7,-36,39,8,5.5,14,7,-3,8,-6,13,-0.5,7.5,-4.5,14.5,-17,-16,-14,-12,0,4,10,13,9,11,-10.5,-29.5,-37.5,-8.5,14.5,-20.5,-35.5,-46.5,-15.5,10.5,-13,-3,-1,-10,-3,3,0,-2.5,2.5,2.5,-15,-11,-10,-9,3,7,angry
2,2.5,1,1,-18,20,-2,2,15.5,-12.5,-0.5,5.5,-6,10,-12,14,0,2,9,24,-6,-20,-54.5,-66.5,-72.5,-44.5,-28.5,123.5,126.5,111.5,74.5,54.5,-52,-21,25,49,-4,4,-2,2.5,-2.5,4.5,-31,32,-5,8,-40,41,6,6.5,11,6,-3,7,-8,15,-4.5,13.5,-3.5,14.5,-14,-15,-12,-13,0,3,6,6,7,9,12,-20,-62,-28,-1,12,-31,-80,-45,-12,-19,-4,-6,-22,-1,1,-4,-3.5,3.5,0.5,-15,-17,-8,-9,2,-2,angry
0,1.5,1,-1.5,-9.5,9.5,0.5,-1.5,15.5,-13.5,1.5,1.5,-4,5,-9,11,0,0,9,20,-6,-17,-43.5,-60.5,-87.5,-82.5,-77.5,39.5,54.5,71.5,57.5,43.5,-31,-17,18,34,-4.5,4.5,-1.5,3.5,-3.5,3.5,-20,21,-3,7,-28,33,6,8,13,7.5,-3.5,3.5,-10.5,9.5,1,4,-12,9,-12,-12,-8,-6,0,4,10,13,8,11,-13.5,-28.5,-40.5,-10.5,15.5,15.5,-5.5,-29.5,-4.5,13.5,-8,1,1,-4,-2.5,2.5,-5.5,-2,2,-1,-8,-7,-6,-5,7,8,angry
-1,1,-3,-0.5,-16.5,11.5,0.5,-1.5,18,-12,3,0,1,10,-7,16,0,0,12,27,-10,-22,-70.5,-78.5,-90.5,-54.5,-32.5,63.5,93.5,130.5,94.5,70.5,-30,-17,26,51,-3.5,3.5,-1.5,3,-3,6,-17,29,0,10,-33,46,12,7,21,3,-9,8,-8,11,2,7,-9,15,-20,-17,-16,-11,0,5,12,16,7,6,-1,-41,-85,-59,-30,4,-22,-50,-21,1,-23,-5,3,-3,-2,2,-5,-3,3,3,-18,-8,-11,-7,-5,9,angry
2,2.5,1,-0.5,-15.5,16.5,-0.5,-0.5,15.5,-12.5,1.5,2.5,-4,9,-10,13,0,1,10,22,-4,-18,-27.5,-53.5,-97.5,-88.5,-74.5,84.5,91.5,87.5,50.5,27.5,-36,-17,23,36,-2.5,2.5,-2.5,1.5,-1.5,4.5,-21,24,-3,10,-34,34,4,9.5,12,6.5,-2.5,8.5,-7.5,13.5,-3.5,12.5,-4.5,15.5,-19,-18,-15,-13,0,3,7,8,5,7,2.5,-26.5,-53.5,-1.5,42.5,45.5,-4.5,-57.5,-32.5,-2.5,-16,-4,-3,-12,-1.5,1.5,-1.5,-3.5,3.5,1.5,-16,-14,-10,-9,2,-1,angry
0,0.5,1,0,-9,10,-1,0,10.5,-7.5,0.5,1.5,-4,3,-8,6,0,1,7,16,-6,-14,-47.5,-55.5,-61.5,-35.5,-21.5,16.5,30.5,47.5,50.5,47.5,-27,-13,13,25,-1,1,-2,0.5,-0.5,2.5,-17,15,-3,3,-24,24,5,3,9,4.5,-1.5,3.5,-2.5,7.5,-4,4,-3,6,-9,-9,-6,-7,0,2,5,6,6,10,5.5,-19.5,-52.5,-38.5,-24.5,-29.5,-48.5,-65.5,-35.5,-5.5,-1,2,-1,-8,-1.5,1.5,1.5,-1,1,0,-4,-8,-3,-5,8,1,angry
3,0.5,2,-1,-19,20,1,-2,21.5,-20.5,0.5,0.5,-7,11,-15,16,0,2,16,35,-9,-24,-75.5,-113.5,-163.5,-142.5,-137.5,22.5,55.5,98.5,85.5,75.5,-53,-26,30,62,-2,2,-1,1.5,-1.5,1.5,-33,39,-7,10,-43,52,12,9.5,20,8,-7,10,-10,19,-8.5,11.5,-12.5,18.5,-20,-21,-15,-14,0,6,12,15,14,16,-18,-56,-94,-22,30,-23,-58,-89,-31,18,-13,0,-1,-14,-2,2,-2,-1.5,1.5,-2.5,-13,-13,-10,-11,9,4,angry
-5,-3,-9,-5,-5,4,6,-6,12,-10,7,-5,5,12,0,13,0,-2,0,5,-7,-16,-17,-19,-32,-51,-60,22,45,77,43,17,-17,-12,12,30,-1,1,1,3,-3,5,-9,21,0,8,-23,18,4,6,8,4,-10,11,-6,7,7,-5,-6,8,-13,-7,-14,-2,0,2,10,18,-1,-4,-22.5,-49.5,-79.5,-55.5,-34.5,50.5,38.5,17.5,22.5,22.5,-29,-12,10,19,-2,2,-2,2,-2,-3,-22,8,-7,-2,-18,23,angry
1,0.5,0,-1.5,-11.5,11.5,0.5,-2.5,14.5,-14.5,2.5,-1.5,-2,7,-8,12,0,1,9,22,-6,-15,-29,-48,-74,-75,-73,76,87,84,52,29,-28,-16,23,45,-1.5,1.5,1.5,1.5,-1.5,3.5,-18,29,-4,8,-30,37,8,9,17,8.5,-1.5,6.5,-7.5,12.5,4,7,-6,10,-15,-14,-14,-9,0,4,8,14,6,8,-3.5,-27.5,-50.5,-14.5,29.5,57.5,18.5,-28.5,-14.5,3.5,-16,-4,1,-5,-2.5,2.5,0.5,-2,2,3,-14,-6,-9,-6,-3,9,angry
2,1.5,1,1,-11,13,-1,1,14.5,-12.5,-0.5,2.5,-5,4,-10,8,0,0,8,17,-4,-15,-48,-66,-94,-83,-76,4,18,45,50,48,-30,-13,16,31,-3,3,1,0.5,-0.5,1.5,-17,19,-5,6,-27,27,6,6,13,5.5,-2.5,5.5,-8.5,8.5,-5,8,-6,11,-13,-14,-10,-10,0,3,4,5,5,8,-10,-29,-44,-15,14,-14,-34,-53,-19,10,-7,-3,-4,-13,-1.5,1.5,-3.5,-2,2,0,-10,-11,-7,-6,4,-3,angry
1,1,1,-1,-13,12,0,-2,13,-13,0,2,-5,6,-10,10,0,1,10,21,-6,-19,-73,-83,-92,-74,-65,45,63,87,77,73,-36,-14,18,47,-1,1,-2,2,-2,0,-23,27,-5,6,-30,38,9,4.5,14,5.5,-5.5,8.5,-7.5,10.5,-4.5,6.5,-8.5,12.5,-11,-10,-7,-8,0,5,10,13,9,14,-4,-31,-62,-35,-9,-14,-29,-53,-19,4,-6,1,2,-5,-1.5,1.5,-1.5,-1.5,1.5,-3.5,-8,-7,-5,-7,9,9,angry
6,1.5,10,1,-23,23,-4,3,21.5,-8.5,-5.5,6.5,-22,2,-30,10,0,9,20,44,-4,-31,-108.5,-144.5,-184.5,-130.5,-76.5,33.5,47.5,112.5,105.5,108.5,-64,-29,27,52,-7,7,-4,2.5,-2.5,-1.5,-39,39,-17,4,-46,65,14,2,29,8.5,2.5,1.5,-13.5,17.5,-11,11,-10,14,-26,-32,-22,-33,0,17,17,9,24,39,43.5,-13.5,-60.5,-23.5,9.5,-70.5,-108.5,-167.5,-89.5,-43.5,7,9,-13,-35,-0.5,0.5,-6.5,-3,3,-3,-4,-35,-16,-19,27,-9,angry
-2,0.5,-3,1,-19,26,-1,1,15.5,-9.5,-0.5,2.5,-10,6,-18,11,0,-1,10,21,-12,-33,-67.5,-97.5,-144.5,-148.5,-137.5,25.5,51.5,78.5,67.5,67.5,-63,-27,22,43,-5,5,1,1.5,-1.5,1.5,-33,27,-9,6,-56,37,9,1,13,8,-6,8,-12,19,-11,8,-11,18,-21,-23,-18,-23,0,4,5,3,7,9,-4,-40,-73,-12,38,-25,-71,-111,-52,4,-15,-4,-10,-31,-1,1,-9,-2,2,-5,-17,-24,-12,-11,2,-10,angry
1,3,1,-3.5,-24.5,23.5,-0.5,-6.5,29,-23,2,5,-9,13,-17,22,0,1,18,43,-14,-42,-100.5,-119.5,-156.5,-146.5,-136.5,17.5,46.5,101.5,115.5,100.5,-70,-33,38,80,-4.5,4.5,-5.5,6,-6,5,-40,48,-8,10,-63,69,12,10.5,21,12,-10,21,-12,26,-7.5,15.5,-12.5,25.5,-26,-26,-22,-23,0,6,15,17,14,16,-24,-77,-104,-60,-4,-32,-77,-107,-36,24,-24,-4,-5,-22,-6,6,-3,-4.5,4.5,-3.5,-23,-23,-16,-16,1,5,angry
0,6.5,4,-1.5,-31.5,23.5,-2.5,-1.5,43.5,-38.5,0.5,13.5,-24,11,-33,24,0,-2,21,52,-19,-47,-155.5,-173.5,-196.5,-134.5,-92.5,245.5,252.5,258.5,195.5,155.5,-93,-45,52,115,-6.5,6.5,-4.5,12.5,-12.5,8.5,-63,67,-23,8,-84,93,16,19,31,13,-14,14,-12,24,-10,16,-15,30,-36,-37,-27,-35,0,11,20,26,17,28,22,-40,-99,-55,-12,31,-34,-134,-60,-22,-24,-2,-6,-31,-4,4,-5,-5,5,-7,-28,-34,-17,-24,11,13,angry
5,2.5,7,-1,-29,25,-2,-2,26.5,-17.5,2.5,0.5,-14,10,-20,19,0,0,21,49,-12,-41,-111.5,-135.5,-196.5,-159.5,-144.5,133.5,149.5,194.5,143.5,111.5,-64,-31,42,104,-3,3,-5,3.5,-3.5,8.5,-43,57,-12,10,-67,79,13,9.5,27,6.5,-8.5,10.5,-7.5,17.5,-2.5,9.5,-7.5,18.5,-29,-27,-19,-21,0,7,20,34,22,33,-15,-45,-72,-13,25,29,-6,-70,-20,15,-6,3,7,-2,-1.5,1.5,-2.5,-3.5,3.5,1.5,-14,-14,-13,-16,20,27,angry
1,3,0,0.5,-16.5,16.5,-1.5,0.5,14,-10,0,3,-3,7,-9,10,0,0,9,19,-5,-15,-54,-77,-102,-88,-77,32,51,71,61,54,-32,-14,15,28,-2.5,2.5,-1.5,2,-2,6,-19,18,-3,8,-28,27,7,8.5,15,6,1,2,-8,11,-3.5,12.5,-6.5,13.5,-11,-12,-9,-11,0,2,5,6,7,12,1,-19,-35,-12,10,-23,-49,-78,-32,-1,-6,2,-3,-11,0,0,-4,-4.5,4.5,0.5,-6,-12,-6,-7,7,-1,angry
5,5,2,1,-31,29,-3,3,27,-19,-3,10,-11,14,-25,19,0,1,19,37,-15,-35,-114.5,-170.5,-224.5,-200.5,-173.5,29.5,77.5,135.5,119.5,114.5,-82,-43,36,75,-3,3,-2,2,-2,5,-53,43,-16,10,-67,58,16,13,32,9.5,-3.5,14.5,-11.5,23.5,-10,17,-15,28,-28,-30,-20,-26,0,10,11,10,13,13,-15,-54,-78,1,69,-21,-72,-120,-45,15,-29,-7,-13,-44,-2.5,2.5,-1.5,-6,6,3,-28,-37,-12,-14,3,-11,angry
2,1.5,4,-3,-15,8,-1,-3,21.5,-22.5,0.5,0.5,-10,6,-12,11,0,1,14,32,-3,-15,-36,-59,-104,-79,-72,90,97,68,49,36,-23,-16,27,58,-2,2,-6,3.5,-3.5,1.5,-18,34,-10,5,-24,48,3,10.5,10,9,-8,12,-9,17,-1.5,5.5,-14.5,20.5,-21,-20,-17,-18,0,2,6,9,3,3,-1.5,-40.5,-84.5,-24.5,21.5,45.5,-13.5,-67.5,-36.5,1.5,-26,-8,-4,-17,-4,4,-1,-2.5,2.5,-4.5,-21,-17,-10,-10,-10,1,angry
-1,-1,-2,-1.5,-15.5,14.5,0.5,-2.5,17,-18,0,-1,-7,8,-14,16,0,1,8,22,-7,-19,-66,-88,-136,-126,-118,15,45,81,78,66,-41,-21,24,48,-1.5,1.5,-0.5,3,-3,0,-27,31,-7,9,-35,41,9,6.5,15,7,-7,14,-8,18,-4.5,8.5,-10.5,13.5,-17,-15,-14,-11,0,5,9,11,7,5,-28,-59,-85,-32,18,-18,-41,-64,-16,28,-24,-6,-3,-16,-2,2,-4,-1.5,1.5,-2.5,-21,-13,-10,-9,-4,3,angry
-8,-2,-16,-11,-21,12,5,-15,27,-21,7,-7,2,17,-7,25,0,-5,10,31,-17,-38,-64,-96,-136,-140,-123,102,134,178,113,64,-35,-26,31,69,0,0,-5,4,-4,4,-17,44,-6,14,-45,54,16,8,28,10.5,-10.5,17.5,-9.5,17.5,6,-1,-15,17,-26,-18,-29,-18,0,8,26,36,5,-3,-19,-57,-86,-33,5,87,29,-11,4,19,-42,-18,11,21,-3.5,3.5,-4.5,0,0,-5,-33,-2,-18,-11,-23,32,angry
1,0.5,3,0,-15,16,-2,1,14.5,-12.5,0.5,1.5,-7,5,-13,9,0,1,13,29,-8,-21,-80,-92,-103,-63,-37,26,49,81,85,80,-41,-19,22,42,-2,2,-3,1.5,-1.5,3.5,-26,25,-5,5,-37,41,9,3.5,16,6.5,-1.5,5.5,-4.5,12.5,-4.5,8.5,-4.5,10.5,-13,-15,-8,-13,0,5,8,11,11,19,6.5,-33.5,-85.5,-60.5,-37.5,-48.5,-78.5,-107.5,-57.5,-6.5,1,5,-1,-13,-1.5,1.5,1.5,-1.5,1.5,0.5,-3,-14,-4,-8,16,1,angry
3,-1.5,5,1.5,-20.5,18.5,-4.5,3.5,15.5,-11.5,-1.5,-0.5,0,9,-12,14,0,1,16,35,-8,-26,-77.5,-119.5,-167.5,-141.5,-116.5,37.5,64.5,96.5,88.5,77.5,-54,-26,27,48,-5.5,5.5,-3.5,5.5,-5.5,-2.5,-28,31,-5,12,-50,46,14,7.5,31,6.5,1.5,1.5,-8.5,13.5,-2.5,3.5,-5.5,12.5,-20,-25,-18,-23,0,9,11,12,14,20,15,-7,-22,18,52,-39,-60,-86,-53,-15,-13,1,-9,-21,-0.5,0.5,-3.5,-1.5,1.5,-4.5,-13,-22,-7,-13,9,-3,angry
-2,2,-3,-2,-10,5,2,-4,19,-10,3,2,0,11,-5,16,0,0,6,14,-8,-19,-74.5,-71.5,-63.5,-42.5,-29.5,69.5,91.5,128.5,95.5,74.5,-30,-15,22,46,-1,1,-1,5,-5,7,-17,29,-1,9,-29,32,9,8.5,12,4.5,-4.5,8.5,-5.5,9.5,-0.5,3.5,-8.5,13.5,-14,-11,-12,-5,0,5,10,16,7,4,-17,-50,-90,-58,-39,12,-5,-28,1,17,-22,-5,8,6,-2.5,2.5,-0.5,-1.5,1.5,-0.5,-17,1,-10,-4,-5,18,angry
14,12.5,16,-1,-80,82,-5,-3,68.5,-81.5,-9.5,9.5,-32,17,-53,50,0,7,52,120,-23,-86,-320,-432,-629,-599,-546,39,96,263,324,320,-216,-89,103,228,-23,23,-8,10.5,-10.5,3.5,-129,130,-30,28,-167,198,44,25.5,84,28,-16,16,-39,52,-34.5,31.5,-35.5,29.5,-74,-80,-44,-62,0,23,44,69,68,97,-34.5,-141.5,-214.5,0.5,164.5,-107.5,-227.5,-362.5,-158.5,34.5,1,18,-7,-57,-5,5,-24,-13.5,13.5,-8.5,-27,-54,-38,-51,74,14,angry
-1,-1,-1,-1.5,-14.5,9.5,-0.5,-0.5,13,-15,0,-1,-6,4,-12,9,0,0,8,19,-6,-14,-33.5,-48.5,-69.5,-62.5,-55.5,73.5,77.5,76.5,50.5,33.5,-32,-17,17,33,-0.5,0.5,-2.5,1,-1,1,-20,21,-7,4,-26,32,7,4.5,15,7.5,-2.5,7.5,-6.5,12.5,-2.5,6.5,-9.5,11.5,-15,-14,-12,-12,0,5,8,10,5,9,-1.5,-19.5,-41.5,-9.5,15.5,33.5,-2.5,-38.5,-20.5,1.5,-12,-2,-3,-12,-2.5,2.5,2.5,-1.5,1.5,2.5,-12,-13,-7,-8,2,1,angry
0,3,0,0,-20,18,0,0,22,-16,2,3,-10,7,-19,16,0,0,15,36,-9,-29,-65,-95,-147,-144,-133,63,80,96,79,65,-59,-28,30,61,-1,1,-1,1,-1,5,-36,39,-10,9,-53,57,12,5.5,24,5,-5,6,-7,13,-8.5,11.5,-5.5,11.5,-24,-26,-21,-23,0,6,12,12,11,18,-7,-40,-61,-4,42,1,-37,-85,-40,7,-14,2,-8,-23,-1,1,-2,-2.5,2.5,-0.5,-16,-22,-14,-16,6,-2,angry
2,-1.5,1,-1,-18,15,-2,0,12.5,-13.5,1.5,-1.5,-8,8,-13,12,0,0,8,18,-7,-18,-85.5,-98.5,-107.5,-72.5,-47.5,33.5,57.5,90.5,90.5,85.5,-42,-21,21,48,-2,2,-4,1.5,-1.5,0.5,-28,29,-6,7,-38,34,9,5.5,16,8.5,2.5,5.5,-9.5,12.5,-0.5,6.5,-8.5,10.5,-19,-17,-14,-11,0,6,11,14,11,11,1.5,-36.5,-74.5,-55.5,-28.5,-37.5,-61.5,-86.5,-40.5,-1.5,-16,-2,1,-6,-2.5,2.5,1.5,-3.5,3.5,2.5,-14,-9,-11,-11,6,11,angry
-1,1,-1,0.5,-6.5,5.5,-0.5,0.5,6,-5,0,1,-1,4,-4,6,0,0,3,8,-4,-10,-24.5,-29.5,-39.5,-29.5,-23.5,14.5,22.5,36.5,30.5,24.5,-17,-8,7,14,-1.5,1.5,0.5,1,-1,2,-10,9,-2,3,-16,13,4,3.5,7,3,-1,2,-4,6,-0.5,5.5,-2.5,7.5,-7,-6,-6,-5,0,2,5,7,4,6,-0.5,-14.5,-29.5,-14.5,-1.5,-8.5,-19.5,-30.5,-14.5,0.5,-5,0,1,-1,-1,1,-2,-1.5,1.5,1.5,-5,-4,-4,-4,2,3,angry
0,0.5,0,0,-15,14,0,0,16.5,-13.5,0.5,1.5,-6,5,-12,9,0,0,9,21,-7,-18,-46,-62,-89,-82,-75,83,94,98,63,46,-40,-20,19,40,-2,2,-1,1.5,-1.5,2.5,-24,24,-6,6,-35,35,5,6.5,11,5,-3,5,-7,9,-0.5,8.5,-5.5,13.5,-12,-12,-10,-10,0,2,8,10,6,10,-9.5,-31.5,-39.5,-7.5,16.5,34.5,-1.5,-41.5,-15.5,9.5,-9,0,-1,-8,-1,1,-1,-2.5,2.5,1.5,-8,-10,-6,-7,6,4,angry
2,0.5,2,0,-13,10,-1,0,13.5,-12.5,0.5,0.5,-5,7,-9,9,0,1,9,18,-3,-12,-33.5,-52.5,-78.5,-63.5,-57.5,54.5,62.5,73.5,51.5,33.5,-27,-12,17,33,-2,2,-3,2.5,-2.5,0.5,-16,21,-4,5,-22,28,3,4,7,4,-2,5,-4,9,-3,5,-5,10,-11,-12,-9,-9,0,3,6,7,6,8,1,-17,-34,-4,21,19,-6,-39,-16,-1,-7,0,-1,-10,-2,2,1,-1,1,-2,-8,-10,-5,-6,4,1,angry
1,0.5,1,0,-17,15,-1,-1,13.5,-14.5,0.5,0.5,-4,6,-12,14,0,1,14,28,-13,-21,-89,-96,-111,-84,-61,81,101,118,102,89,-45,-23,25,45,-1,1,-3,2.5,-2.5,1.5,-26,25,-5,9,-39,42,13,4.5,23,3,-2,4,-7,9,-2.5,7.5,-5.5,9.5,-13,-14,-12,-12,0,2,8,12,8,11,10.5,-13.5,-42.5,-25.5,-15.5,-11.5,-26.5,-50.5,-16.5,-10.5,-13,-2,-3,-11,-1,1,0,-2.5,2.5,1.5,-12,-10,-7,-9,2,3,angry
2,0,0,-0.5,-17.5,16.5,-0.5,-1.5,18,-14,1,1,-7,13,-14,19,0,1,13,32,-8,-28,-102.5,-110.5,-124.5,-84.5,-53.5,63.5,94.5,137.5,115.5,102.5,-53,-28,30,64,-2.5,2.5,-2.5,3,-3,2,-34,42,-7,11,-47,51,9,5.5,14,3.5,-8.5,9.5,-6.5,10.5,-4.5,8.5,-5.5,10.5,-21,-18,-19,-15,0,4,11,12,9,7,-7.5,-52.5,-92.5,-72.5,-46.5,-25.5,-39.5,-67.5,-24.5,7.5,-26,-4,-4,-17,-1.5,1.5,-2.5,-2.5,2.5,-2.5,-22,-16,-12,-11,-3,5,angry
0,1.5,-2,-1,-15,17,0,-2,15.5,-12.5,-0.5,1.5,-5,8,-13,13,0,0,11,26,-7,-25,-91.5,-98.5,-106.5,-65.5,-38.5,56.5,84.5,127.5,102.5,91.5,-44,-17,23,47,-3,3,-1,1.5,-1.5,1.5,-24,29,-7,8,-38,43,9,7.5,16,5.5,-4.5,8.5,-7.5,13.5,-1.5,7.5,-6.5,14.5,-16,-15,-13,-13,0,5,11,14,9,13,-3.5,-41.5,-79.5,-58.5,-30.5,-20.5,-48.5,-68.5,-28.5,3.5,-13,-2,0,-8,-1.5,1.5,-3.5,-2.5,2.5,1.5,-12,-10,-7,-8,5,4,angry
2,0.5,1,-1,-24,23,0,-2,30.5,-25.5,2.5,-0.5,-8,15,-18,20,0,0,15,37,-12,-35,-100,-138,-190,-161,-147,60,98,150,119,100,-58,-27,27,69,-2,2,-2,3.5,-3.5,4.5,-36,43,-7,9,-50,61,8,11.5,19,7.5,-10.5,15.5,-5.5,17.5,-4.5,11.5,-9.5,18.5,-26,-21,-21,-16,0,8,18,19,14,17,-23,-64,-96,-40,4,-23,-46,-69,-22,23,-19,-2,-1,-15,-2.5,2.5,0.5,-2.5,2.5,2.5,-19,-18,-15,-14,6,7,angry
-4,-1.5,-6,-5,-5,2,5,-7,6.5,-6.5,5.5,-3.5,3,10,-1,10,0,-1,-1,6,-8,-15,-9,-7,-14,-33,-45,24,40,58,30,9,-14,-7,9,24,0,0,1,1.5,-1.5,2.5,-5,16,1,6,-22,13,6,2.5,9,3,-8,8,-4,4,6.5,-2.5,-4.5,3.5,-7,-3,-9,1,0,7,10,18,3,-3,-7,-27,-52,-34,-18,50,33,17,8,7,-22,-9,12,15,-2,2,-2,0.5,-0.5,-0.5,-14,8,-4,1,-12,19,angry
1,1,-2,-3,-23,23,1,-4,25,-20,2,1,-2,16,-11,18,0,0,12,26,-11,-24,-51,-79,-126,-133,-132,100,123,133,89,51,-50,-25,36,68,-4,4,-2,3,-3,6,-29,44,-4,14,-51,52,13,12,27,10.5,-6.5,9.5,-12.5,12.5,2,6,-9,12,-28,-25,-24,-15,0,7,14,23,13,17,-12,-52,-87,-24,35,72,21,-38,-15,12,-24,-5,6,-4,-2.5,2.5,-5.5,-4,4,5,-21,-8,-16,-11,1,19,angry
1,0.5,0,-1.5,-15.5,14.5,-1.5,-1.5,13.5,-15.5,-0.5,1.5,-6,9,-12,12,0,0,9,22,-7,-14,-31.5,-57.5,-97.5,-88.5,-75.5,83.5,94.5,98.5,57.5,31.5,-35,-17,20,39,-2.5,2.5,-2.5,2.5,-2.5,-1.5,-23,25,-6,8,-30,35,8,7,17,9,-1,8,-8,14,-3,7,-12,11,-19,-16,-14,-14,0,4,6,11,7,12,-1.5,-22.5,-39.5,1.5,46.5,44.5,-0.5,-46.5,-28.5,1.5,-13,-2,0,-11,-3,3,0,-1,1,-5,-11,-14,-8,-9,6,3,angry
3,1.5,2,0,-13,14,-1,0,13.5,-10.5,-0.5,2.5,-4,6,-10,9,0,2,11,23,-5,-14,-58.5,-68.5,-79.5,-51.5,-34.5,62.5,73.5,86.5,70.5,58.5,-38,-18,19,39,-3,3,-2,0.5,-0.5,2.5,-25,22,-3,7,-31,36,9,6,18,6,-3,5,-6,9,-2,8,-5,12,-15,-14,-9,-10,0,4,11,15,13,20,12.5,-7.5,-38.5,-24.5,-13.5,-9.5,-23.5,-54.5,-24.5,-12.5,0,5,1,-5,-1,1,-3,-3,3,2,-4,-10,-8,-10,18,7,angry
5,0.5,4,-1.5,-20.5,17.5,-2.5,-2.5,20.5,-18.5,3.5,0.5,-7,9,-12,14,0,1,13,31,-7,-24,-46.5,-76.5,-124.5,-115.5,-107.5,101.5,111.5,123.5,76.5,46.5,-46,-19,27,51,-2.5,2.5,-6.5,3.5,-3.5,5.5,-27,32,-5,8,-36,46,4,7,10,8.5,-3.5,11.5,-7.5,17.5,-1,13,-6,18,-14,-15,-12,-13,0,3,5,3,7,8,-3,-39,-62,-6,37,39,-7,-64,-29,3,-21,-3,-8,-26,-3.5,3.5,0.5,-3,3,2,-16,-17,-7,-8,-3,-7,angry
0,1,0,-0.5,-10.5,10.5,-0.5,-1.5,10,-9,1,1,-3,5,-7,9,0,1,7,16,-4,-16,-45.5,-50.5,-56.5,-32.5,-17.5,68.5,73.5,84.5,59.5,45.5,-28,-12,14,29,-1.5,1.5,-1.5,1,-1,2,-16,18,-3,6,-25,25,5,3.5,10,1.5,-1.5,2.5,-3.5,7.5,-1.5,4.5,-2.5,7.5,-9,-9,-8,-8,0,4,6,7,5,6,8.5,-16.5,-45.5,-27.5,-9.5,10.5,-12.5,-37.5,-23.5,-8.5,-10,-1,-1,-7,-0.5,0.5,-1.5,-0.5,0.5,0.5,-8,-8,-5,-5,1,1,angry
1,1.5,1,-0.5,-11.5,10.5,-0.5,-0.5,8.5,-6.5,-0.5,2.5,-5,4,-10,8,0,0,7,14,-6,-16,-32.5,-47.5,-71.5,-60.5,-54.5,45.5,52.5,67.5,47.5,32.5,-31,-15,12,28,-1.5,1.5,-1.5,0.5,-0.5,1.5,-19,16,-6,5,-28,23,6,3,12,3.5,-0.5,3.5,-5.5,8.5,-3,7,-5,8,-11,-11,-9,-8,0,3,7,6,7,8,0,-15,-23,1,18,10,-3,-39,-6,0,-8,-1,-2,-9,-0.5,0.5,-2.5,-2,2,0,-9,-9,-7,-7,3,0,angry
0,0,-1,-2.5,-5.5,2.5,0.5,-2.5,7,-6,1,0,-2,4,-4,7,0,-1,4,7,-4,-9,-16.5,-25.5,-39.5,-33.5,-30.5,24.5,32.5,35.5,24.5,16.5,-15,-7,9,21,-0.5,0.5,-2.5,1,-1,1,-10,13,-3,3,-14,16,4,3,7,3.5,-1.5,2.5,-3.5,5.5,0,1,-4,5,-8,-7,-6,-4,0,2,5,8,3,4,-2.5,-16.5,-28.5,-10.5,7.5,24.5,7.5,-4.5,0.5,2.5,-8,-2,1,0,-1.5,1.5,-0.5,0,0,-1,-8,-3,-5,-4,-1,6,angry
2,1.5,3,0.5,-7.5,9.5,-0.5,1.5,10.5,-7.5,0.5,1.5,-2,2,-5,4,0,2,7,16,-1,-9,-39.5,-46.5,-56.5,-37.5,-24.5,52.5,55.5,59.5,49.5,39.5,-20,-9,12,24,-2.5,2.5,-0.5,0.5,-0.5,3.5,-13,13,-3,4,-19,22,3,6,10,3.5,1.5,-0.5,-7.5,6.5,0,5,-7,8,-7,-10,-6,-7,0,3,5,5,6,11,15.5,-3.5,-27.5,-15.5,-7.5,-7.5,-27.5,-48.5,-29.5,-15.5,-3,2,-1,-8,0.5,-0.5,-2.5,-3,3,1,-3,-9,-4,-5,7,0,angry
0,0,-1,0.5,-4.5,5.5,0.5,0.5,7,-5,1,0,-1,3,-4,5,0,-1,3,7,-4,-9,-24,-37,-51,-46,-42,15,24,37,29,24,-17,-10,8,15,-1.5,1.5,0.5,1,-1,1,-9,10,-2,4,-16,12,3,2,5,2,-2,2,-3,3,0,2,-3,4,-6,-4,-5,-4,0,2,3,4,2,0,-8.5,-16.5,-24.5,-4.5,6.5,1.5,-4.5,-15.5,-0.5,8.5,-11,-3,0,-3,-1,1,-1,-1,1,1,-7,-4,-2,-1,-3,0,angry
1,1.5,0,0,-16,17,-1,0,14.5,-10.5,1.5,1.5,-11,7,-17,15,0,-1,11,23,-10,-29,-93.5,-104.5,-119.5,-74.5,-44.5,40.5,65.5,97.5,93.5,93.5,-55,-25,22,46,-4,4,-2,2.5,-2.5,4.5,-35,29,-8,7,-48,39,9,5.5,14,6,-4,5,-7,13,-4.5,8.5,-4.5,13.5,-20,-20,-14,-17,0,4,8,7,9,10,14,-36,-96,-62,-23,-38,-74,-116,-59,-14,-17,-3,-7,-21,-1,1,-4,-2.5,2.5,-0.5,-16,-19,-9,-12,5,0,angry
0,2,-1,0,-15,17,1,-1,17,-15,1,2,-5,8,-13,14,0,0,8,22,-8,-23,-63.5,-80.5,-108.5,-101.5,-95.5,34.5,51.5,80.5,72.5,63.5,-45,-22,23,45,-6,6,1,2,-2,7,-27,30,-7,8,-41,38,9,6,16,6,-5,7,-9,12,-1,9,-4,13,-19,-18,-15,-12,0,5,11,15,10,12,-19.5,-34.5,-45.5,-17.5,6.5,-17.5,-26.5,-34.5,-7.5,19.5,-15,-2,0,-8,-2,2,-6,-3,3,1,-15,-10,-10,-10,5,9,angry
2,2.5,2,1,-12,14,-1,2,15.5,-12.5,-0.5,4.5,-6,6,-11,10,0,1,10,23,-7,-19,-40,-56,-75,-58,-49,80,83,77,53,40,-40,-18,21,43,-4,4,-1,3.5,-3.5,3.5,-24,26,-6,5,-34,37,5,7.5,11,6,-4,6,-7,13,-4.5,10.5,-7.5,15.5,-11,-13,-10,-11,0,3,7,7,8,12,11,-7,-24,2,21,14,-14,-42,-26,-11,-7,1,-5,-17,-1,1,-5,-2.5,2.5,-2.5,-8,-14,-6,-8,6,0,angry
-1,-0.5,-3,-1.5,-13.5,15.5,-1.5,-1.5,12.5,-14.5,1.5,0.5,1,10,-7,10,0,2,6,16,-12,-20,-68,-75,-81,-46,-29,76,85,111,86,68,-42,-20,17,35,-2.5,2.5,-4.5,2.5,-2.5,1.5,-25,23,-2,9,-39,30,14,3.5,24,5.5,-3.5,3.5,-5.5,9.5,-2.5,2.5,-5.5,8.5,-15,-14,-12,-10,0,5,13,24,14,22,2.5,-26.5,-52.5,-39.5,-22.5,-2.5,-27.5,-62.5,-24.5,-2.5,-3,2,8,6,-1.5,1.5,-0.5,-0.5,0.5,-0.5,-5,-2,-7,-7,13,20,angry
-1,0,-1,-0.5,-6.5,5.5,-1.5,-0.5,5,-5,1,0,-2,2,-5,4,0,-1,2,5,-5,-8,-13.5,-19.5,-27.5,-28.5,-25.5,26.5,29.5,30.5,20.5,13.5,-16,-8,5,11,-1.5,1.5,-2.5,2,-2,1,-10,7,-3,1,-14,11,4,4.5,8,3.5,0.5,1.5,-3.5,5.5,0.5,1.5,-4.5,5.5,-6,-5,-4,-3,0,3,5,8,5,8,1.5,-6.5,-11.5,1.5,9.5,8.5,-3.5,-14.5,-8.5,-1.5,2,2,1,0,-0.5,0.5,-0.5,-0.5,0.5,-1.5,-1,-3,-3,-2,7,6,happy
1,-0.5,1,-1.5,-7.5,4.5,0.5,-1.5,7.5,-7.5,0.5,-0.5,-2,6,-6,9,0,1,7,16,-5,-13,-20.5,-32.5,-45.5,-43.5,-42.5,34.5,44.5,59.5,38.5,20.5,-20,-11,14,27,-1.5,1.5,-2.5,1.5,-1.5,-0.5,-12,17,-3,4,-19,23,3,2,6,3,-3,4,-4,3,0,1,-3,3,-10,-8,-8,-6,0,2,6,9,3,3,-4,-22,-36,-8,11,25,3,-25,-6,4,-9,-3,1,-1,-2,2,-1,0,0,-1,-9,-4,-5,-4,0,5,happy
1,1.5,1,-0.5,-11.5,10.5,-0.5,-0.5,9.5,-9.5,0.5,1.5,-4,4,-8,9,0,0,6,16,-5,-16,-37.5,-51.5,-75.5,-74.5,-69.5,8.5,21.5,43.5,42.5,37.5,-29,-13,14,28,-2.5,2.5,-1.5,2.5,-2.5,2.5,-17,18,-4,5,-27,25,4,5,10,6,-2,6,-7,10,-3,7,-7,10,-10,-11,-8,-9,0,3,6,6,6,10,-8.5,-24.5,-40.5,-6.5,18.5,-14.5,-32.5,-47.5,-19.5,8.5,-5,1,-2,-10,-2,2,-3,-2,2,-2,-6,-10,-5,-6,5,1,happy
-1,-3,-6,-4,-4,0,3,-5,5,-6,4,-4,6,9,3,7,0,-1,-1,1,-5,-9,-5.5,2.5,5.5,-10.5,-26.5,4.5,20.5,38.5,20.5,5.5,-4,-3,6,13,1,-1,-1,1,-1,1,0,10,2,6,-10,9,3,1,5,2,-5,7,-2,3,5,-4,-2,2,-5,0,-8,3,0,2,8,15,0,-5,-20.5,-31.5,-45.5,-43.5,-33.5,11.5,8.5,13.5,17.5,20.5,-19,-8,10,15,-1,1,1,1,-1,0,-11,9,-4,3,-13,16,happy
-1,-1,-1,-0.5,-8.5,7.5,0.5,-1.5,11,-8,0,0,-3,7,-7,11,0,0,6,14,-8,-17,-28.5,-44.5,-68.5,-72.5,-69.5,41.5,54.5,68.5,43.5,28.5,-29,-14,15,29,-1.5,1.5,-0.5,3,-3,1,-18,19,-3,5,-29,27,5,2.5,10,2.5,-4.5,5.5,-4.5,5.5,-1.5,2.5,-4.5,5.5,-13,-12,-11,-10,0,3,7,9,5,7,-5,-21,-38,-6,20,27,3,-27,-9,5,-12,-2,-1,-10,-1.5,1.5,-0.5,-1.5,1.5,-0.5,-12,-9,-6,-7,-1,3,happy
3,1,5,1.5,-8.5,9.5,-4.5,4.5,6,-6,-3,2,-8,1,-10,4,0,2,8,16,-2,-10,-23.5,-40.5,-57.5,-29.5,-9.5,72.5,60.5,37.5,27.5,23.5,-27,-10,11,21,-2.5,2.5,-1.5,2,-2,-1,-18,12,-5,3,-21,22,3,3.5,7,6.5,6.5,-1.5,-5.5,10.5,-6.5,5.5,-6.5,6.5,-8,-12,-5,-12,0,1,1,-3,7,13,23,4,-13,-7,4,-18,-50,-80,-49,-23,4,4,-7,-23,-1.5,1.5,1.5,-2.5,2.5,-3.5,0,-17,-4,-8,12,-12,happy
0,0,-1,0.5,-11.5,10.5,0.5,0.5,10,-12,0,1,-6,7,-11,10,0,-1,9,19,-6,-18,-35,-55,-87,-81,-77,53,63,70,49,35,-36,-18,21,45,-2.5,2.5,-0.5,1,-1,2,-22,27,-7,5,-33,34,6,2.5,12,3,-3,5,-7,8,-3.5,3.5,-3.5,6.5,-15,-15,-14,-13,0,3,9,11,5,6,-7.5,-32.5,-52.5,-14.5,21.5,16.5,-16.5,-56.5,-24.5,7.5,-15,-4,-2,-7,-1,1,-1,-1.5,1.5,-0.5,-14,-10,-9,-9,-1,7,happy
-1,-0.5,-2,-2,-8,5,0,-2,7.5,-7.5,1.5,-0.5,-2,5,-6,10,0,-1,4,13,-7,-14,-24.5,-34.5,-50.5,-51.5,-49.5,38.5,48.5,58.5,37.5,24.5,-26,-14,15,30,-1,1,-3,1.5,-1.5,2.5,-14,19,-4,5,-24,24,6,3.5,11,2,-4,5,-2,4,3.5,0.5,-2.5,4.5,-11,-11,-10,-7,0,3,7,9,5,4,-9.5,-26.5,-41.5,-16.5,1.5,38.5,16.5,-8.5,-0.5,9.5,-13,-4,0,-6,-1,1,-1,-0.5,0.5,1.5,-11,-6,-7,-5,-3,5,happy
1,0,1,-0.5,-10.5,6.5,-1.5,-0.5,10,-9,-1,0,-5,7,-9,10,0,0,6,16,-5,-15,-27,-44,-71,-66,-61,51,60,63,39,27,-34,-16,14,27,-1.5,1.5,-2.5,2,-2,-1,-21,19,-4,7,-27,24,3,4,6,3,-1,3,-5,4,-2,4,-4,6,-12,-13,-10,-11,0,1,4,1,3,4,1.5,-19.5,-34.5,-1.5,22.5,16.5,-14.5,-44.5,-23.5,-1.5,-14,-2,-5,-15,-1,1,-1,-1,1,0,-11,-14,-5,-8,-1,-5,happy
0,0.5,0,-1.5,-8.5,6.5,0.5,-1.5,10.5,-9.5,1.5,0.5,-5,4,-7,7,0,0,6,12,-4,-12,-16,-24,-41,-42,-43,49,53,41,25,16,-20,-10,12,26,-3.5,3.5,-0.5,3.5,-3.5,2.5,-13,16,-4,3,-17,22,3,7,5,6,-4,6,-8,8,-1,4,-7,10,-10,-9,-9,-8,0,1,4,5,2,2,0,-18,-34,-10,17,20,-2,-27,-14,0,-11,-3,-2,-7,-2,2,-4,-1,1,-3,-11,-7,-6,-6,-3,1,happy
0,0,-1,0,-19,11,-2,-1,15,-18,-1,1,-6,14,-14,19,0,-1,12,31,-12,-33,-62.5,-98.5,-138.5,-129.5,-124.5,127.5,150.5,161.5,103.5,62.5,-60,-30,29,69,-2,2,-5,1,-1,0,-37,43,-7,11,-54,54,5,4,12,4,-7,8,-7,7,0,3,-7,10,-22,-22,-19,-17,0,3,11,12,6,5,0,-38,-73,-5,50,91,28,-41,-26,0,-33,-8,-4,-19,-3,3,0,-2,2,2,-24,-20,-11,-10,-8,3,happy
-1,0,-3,-1,-12,13,1,-2,14,-9,0,1,-5,12,-13,16,0,-2,9,21,-10,-31,-98.5,-100.5,-111.5,-68.5,-39.5,68.5,99.5,138.5,110.5,98.5,-57,-26,19,48,-2,2,-1,2,-2,3,-32,31,-3,11,-47,38,5,7,9,6,-6,9,-10,11,-3,6,-6,13,-19,-16,-17,-14,0,4,8,3,4,1,-2.5,-45.5,-95.5,-65.5,-33.5,-22.5,-42.5,-80.5,-30.5,2.5,-31,-7,-5,-18,-2,2,-3,-3,3,2,-21,-17,-12,-10,-6,-5,happy
4,1.5,6,1,-20,20,-4,1,23.5,-23.5,-1.5,2.5,-11,11,-22,19,0,0,17,42,-9,-25,-120,-150,-206,-176,-165,17,49,87,112,120,-68,-29,43,81,-4,4,-6,2.5,-2.5,3.5,-40,49,-10,11,-55,71,10,8.5,25,7.5,-1.5,10.5,-11.5,16.5,-14.5,18.5,-14.5,12.5,-28,-29,-20,-25,0,8,11,14,13,20,-17.5,-52.5,-91.5,-33.5,15.5,-35.5,-86.5,-146.5,-55.5,17.5,-17,1,-10,-33,-3.5,3.5,-0.5,-4.5,4.5,-1.5,-16,-28,-10,-14,12,-6,happy
2,1.5,6,0.5,-13.5,14.5,-0.5,0.5,12.5,-8.5,-0.5,3.5,-13,1,-16,9,0,1,13,26,-6,-18,-84,-104,-110,-74,-48,42,61,90,88,84,-46,-22,23,42,-3.5,3.5,-2.5,1.5,-1.5,3.5,-30,25,-11,4,-36,40,6,3.5,14,5,1,5,-6,8,-3.5,6.5,-5.5,6.5,-18,-23,-13,-20,0,4,6,6,10,16,14,-19,-60,-46,-24,-42,-62,-86,-46,-14,-4,3,-9,-24,-1,1,0,-2.5,2.5,1.5,-8,-21,-8,-14,11,-7,happy
2,4,4,2,-16,17,-4,5,11,-7,-4,8,-11,-1,-17,3,0,2,12,28,-7,-25,-66,-95,-135,-108,-84,28,44,56,58,66,-57,-24,18,32,-5,5,-4,2,-2,-1,-30,18,-8,3,-41,36,5,4,10,7.5,7.5,-1.5,-9.5,12.5,-9,3,-8,8,-9,-14,-4,-15,0,6,4,-8,14,25,12,5,6,48,74,-10,-57,-99,-42,-12,13,10,-14,-36,1.5,-1.5,-3.5,-3,3,-3,5,-24,-5,-10,25,-25,happy
0,3.5,0,1.5,-13.5,15.5,-1.5,1.5,19.5,-8.5,-1.5,4.5,-7,14,-16,18,0,0,12,26,-12,-26,-119,-136,-124,-59,-24,88,112,160,130,119,-63,-33,30,47,-2.5,2.5,-0.5,1.5,-1.5,6.5,-36,34,-9,13,-52,39,5,4.5,13,2,-2,3,-3,8,-9.5,8.5,-10.5,16.5,-21,-23,-19,-18,0,4,5,4,5,7,25.5,-47.5,-121.5,-88.5,-49.5,-55.5,-93.5,-136.5,-71.5,-25.5,-23,-5,-8,-26,-1,1,1,-3.5,3.5,-1.5,-19,-23,-11,-10,0,-6,happy
-2,0.5,-2,-1,-19,15,0,-2,16.5,-16.5,-0.5,0.5,-8,12,-15,17,0,0,10,25,-12,-30,-90,-100,-100,-58,-32,28,58,108,101,90,-58,-27,23,48,-6,6,-2,5.5,-5.5,0.5,-36,31,-8,9,-49,44,6,9,13,11,-4,9,-12,17,-5,6,-13,16,-23,-21,-18,-17,0,4,10,10,7,9,1.5,-50.5,-99.5,-78.5,-49.5,-42.5,-72.5,-96.5,-44.5,-1.5,-25,-7,-4,-20,-4,4,-6,-1,1,-7,-21,-20,-13,-14,-3,-2,happy
0,5.5,1,-1.5,-18.5,18.5,-1.5,-1.5,22.5,-11.5,0.5,7.5,-10,7,-19,14,0,0,10,25,-8,-24,-63,-85,-117,-115,-108,13,32,61,64,63,-57,-23,23,46,-3.5,3.5,-3.5,1.5,-1.5,9.5,-34,29,-10,6,-46,42,10,12.5,20,11,-1,8,-11,16,-0.5,12.5,-10.5,19.5,-19,-20,-13,-17,0,6,11,14,13,21,-13.5,-37.5,-60.5,-7.5,34.5,-19.5,-46.5,-77.5,-29.5,13.5,-5,1,-4,-19,-3,3,-3,-4.5,4.5,0.5,-11,-19,-9,-13,16,3,happy
0,0,0,-0.5,-8.5,6.5,-0.5,-1.5,8,-8,-1,1,-5,5,-8,7,0,0,6,13,-5,-14,-21.5,-36.5,-53.5,-56.5,-47.5,54.5,58.5,52.5,32.5,21.5,-27,-14,12,20,-1.5,1.5,-1.5,2,-2,0,-15,13,-4,4,-23,19,3,2,5,2.5,-2.5,2.5,-4.5,4.5,-2,3,-6,6,-12,-12,-11,-11,0,1,4,2,3,4,3.5,-14.5,-23.5,0.5,21.5,15.5,-5.5,-28.5,-16.5,-3.5,-10,-2,-4,-11,-1.5,1.5,-0.5,-1,1,-2,-9,-10,-6,-7,0,-4,happy
2,1,3,0,-9,8,-1,0,7,-3,-1,4,-7,4,-11,6,0,2,7,14,-3,-9,-49.5,-73.5,-86.5,-58.5,-31.5,14.5,28.5,46.5,49.5,49.5,-34,-13,13,18,-2,2,-1,1,-1,-1,-20,11,-5,4,-24,19,7,1,12,1,0,-1,-4,2,-3,2,-5,6,-11,-15,-7,-13,0,3,4,3,7,12,22.5,-7.5,-38.5,-27.5,-7.5,-28.5,-48.5,-72.5,-40.5,-22.5,0,3,-5,-18,0,0,1,-1,1,-3,-4,-16,-5,-9,12,-6,happy
-1,0.5,-2,-1.5,-25.5,23.5,-0.5,-3.5,19.5,-13.5,-1.5,0.5,-9,13,-20,21,0,0,14,30,-16,-42,-79,-107,-143,-170,-160,32,58,97,85,79,-77,-36,28,57,-2.5,2.5,-0.5,0.5,-0.5,2.5,-47,37,-12,10,-66,53,14,11.5,28,9.5,-9.5,11.5,-18.5,15.5,-3.5,6.5,-9.5,16.5,-31,-31,-23,-25,0,9,18,22,15,23,-27,-65,-104,-38,28,-13,-47,-82,-25,27,-17,-1,-3,-15,-1.5,1.5,-7.5,-3.5,3.5,3.5,-21,-21,-17,-17,12,8,happy
1,0.5,-2,0.5,-17.5,14.5,-1.5,0.5,16.5,-16.5,0.5,0.5,-6,13,-15,19,0,0,13,28,-14,-36,-87.5,-107.5,-132.5,-112.5,-100.5,32.5,60.5,107.5,99.5,87.5,-58,-27,24,49,-3.5,3.5,-2.5,4.5,-4.5,2.5,-34,31,-9,11,-53,44,10,8,22,2.5,-5.5,6.5,-8.5,4.5,-2,4,-11,10,-23,-24,-19,-19,0,6,13,13,10,14,-18,-56,-100,-47,-11,-40,-71,-99,-40,18,-21,-7,-5,-17,-1.5,1.5,-2.5,-1,1,-2,-21,-19,-13,-14,-1,0,happy
-2,4,0,1,-21,24,-2,2,18,-12,0,5,-10,4,-15,13,0,-1,11,25,-10,-28,-80,-91,-89,-47,-20,116,123,133,99,80,-50,-25,21,47,-8,8,-1,2,-2,7,-31,28,-10,7,-45,43,4,11,9,10.5,-3.5,5.5,-17.5,20.5,-6,17,-12,21,-17,-18,-13,-16,0,3,7,7,9,14,31.5,-17.5,-67.5,-49.5,-20.5,-5.5,-50.5,-94.5,-62.5,-31.5,-11,1,-5,-23,-1.5,1.5,-6.5,-5,5,1,-11,-20,-8,-10,4,-3,happy
-4,-1.5,-8,-3.5,-5.5,3.5,4.5,-5.5,8.5,-7.5,5.5,-4.5,9,20,1,20,0,0,3,9,-12,-22,-39.5,-29.5,-26.5,-22.5,-22.5,40.5,71.5,115.5,70.5,39.5,-23,-14,17,42,-0.5,0.5,-3.5,1.5,-1.5,1.5,-11,31,2,12,-30,25,3,3.5,7,1,-11,10,-5,3,7.5,1.5,-3.5,9.5,-19,-8,-20,-1,0,1,10,19,-5,-13,-32.5,-70.5,-106.5,-64.5,-35.5,42.5,40.5,22.5,28.5,32.5,-48,-22,10,16,-3,3,-3,0.5,-0.5,2.5,-36,6,-12,-2,-30,24,happy
-2,2,-3,-0.5,-17.5,16.5,-0.5,-0.5,16,-11,2,3,-6,10,-14,14,0,-2,6,17,-11,-29,-58.5,-74.5,-85.5,-92.5,-83.5,19.5,36.5,51.5,59.5,58.5,-52,-24,16,34,-5.5,5.5,-1.5,3,-3,8,-29,22,-8,7,-47,31,7,13,16,8.5,-3.5,5.5,-16.5,14.5,3,7,-12,18,-23,-21,-17,-18,0,4,13,18,9,16,-9.5,-48.5,-76.5,-34.5,5.5,-24.5,-44.5,-70.5,-24.5,9.5,-9,-3,1,-5,-1.5,1.5,-7.5,-5,5,3,-16,-14,-13,-14,9,9,happy
-3,3.5,-7,-1,-22,15,2,-3,25.5,-13.5,5.5,4.5,-2,22,-16,26,0,-2,8,25,-20,-48,-121.5,-126.5,-133.5,-86.5,-61.5,75.5,110.5,154.5,133.5,121.5,-84,-39,30,71,-4,4,-1,3.5,-3.5,12.5,-48,49,-5,14,-78,57,17,9,36,5,-12,10,-10,10,-1,6,-8,12,-38,-31,-31,-21,0,14,26,40,20,28,-19,-53,-100,-71,-49,-32,-53,-76,-30,19,-24,-5,8,4,-2,2,-7,-4,4,4,-27,-10,-22,-18,12,33,happy
0,7,-2,-5.5,-28.5,16.5,-3.5,-5.5,31,-17,2,8,-10,9,-19,19,0,0,15,35,-14,-40,-47,-82,-136,-133,-121,126,134,132,76,47,-72,-33,32,64,-4.5,4.5,-14.5,5,-5,15,-42,39,-10,9,-62,60,12,19.5,22,18,-3,17,-13,26,-0.5,17.5,-16.5,28.5,-23,-23,-18,-20,0,9,16,16,14,19,-4.5,-39.5,-65.5,4.5,65.5,54.5,-12.5,-83.5,-42.5,4.5,-17,-1,-6,-23,-8,8,3,-7.5,7.5,0.5,-18,-21,-13,-14,8,1,happy
3,1.5,3,-2,-14,9,-1,-2,17.5,-13.5,2.5,1.5,-6,8,-11,16,0,1,11,26,-5,-20,-59.5,-77.5,-115.5,-105.5,-99.5,19.5,31.5,63.5,65.5,59.5,-36,-16,25,54,-2,2,-4,2.5,-2.5,6.5,-24,33,-6,8,-35,45,9,10,19,7,-2,7,-9,12,-1,10,-9,15,-23,-22,-16,-16,0,4,11,19,12,18,-19,-44,-71,-21,16,-14,-26,-35,0,19,-9,0,1,-7,-3,3,0,-3,3,2,-15,-13,-12,-13,8,13,happy
0,1,0,-0.5,-6.5,5.5,0.5,-0.5,6,-4,0,2,-2,3,-4,5,0,0,4,9,-4,-9,-30,-33,-30,-18,-8,29,35,41,36,30,-18,-8,8,16,-0.5,0.5,-0.5,0,0,2,-10,9,-2,3,-16,14,3,3,6,2.5,-0.5,2.5,-3.5,5.5,-1,5,-3,7,-6,-6,-5,-5,0,2,4,4,4,5,5,-11,-28,-20,-10,-4,-17,-30,-18,-5,-6,-1,0,-5,-0.5,0.5,-1.5,-1,1,0,-6,-5,-4,-4,1,2,happy
0,-0.5,0,-1.5,-10.5,6.5,-0.5,-2.5,9.5,-12.5,1.5,-1.5,-2,7,-5,9,0,0,6,13,-5,-12,-19,-35,-57,-53,-51,59,71,69,36,19,-20,-10,16,35,-1.5,1.5,-4.5,1.5,-1.5,0.5,-12,21,-2,5,-20,25,6,3,8,3,-6,6,-5,8,0,0,-4,9,-12,-9,-9,-7,0,4,7,10,5,4,-5.5,-30.5,-51.5,-18.5,5.5,34.5,6.5,-32.5,-16.5,5.5,-14,-3,2,-3,-2,2,-2,-1,1,1,-12,-4,-5,-4,-2,8,happy
9,4.5,11,1,-15,15,-2,2,19.5,-8.5,0.5,5.5,-11,4,-14,5,0,3,18,34,-2,-10,-57.5,-82.5,-100.5,-68.5,-36.5,121.5,116.5,99.5,75.5,57.5,-39,-18,24,46,-6,6,-1,3.5,-3.5,8.5,-26,24,-7,3,-28,43,9,5,19,7,2,-3,-12,10,-4,10,-9,10,-17,-20,-11,-18,0,4,5,5,15,23,43.5,14.5,-12.5,-17.5,-9.5,-6.5,-49.5,-94.5,-68.5,-43.5,6,8,-9,-26,1,-1,-6,-4,4,-1,-1,-22,-6,-14,21,-10,happy
2,3.5,5,1,-11,10,-4,4,11.5,-8.5,-2.5,4.5,-10,0,-13,5,0,1,11,20,-6,-13,-56.5,-74.5,-86.5,-54.5,-30.5,5.5,11.5,26.5,47.5,56.5,-29,-14,15,26,-2,2,-2,1.5,-1.5,1.5,-20,13,-7,1,-24,28,6,5,11,7.5,7.5,0.5,-8.5,12.5,-3,8,-9,9,-9,-13,-6,-13,0,3,4,5,9,17,25,-11,-46,-36,-22,-42,-65,-93,-57,-25,8,5,-5,-13,-1.5,1.5,2.5,-3,3,1,0,-13,-5,-8,16,-3,happy
1,2.5,2,-1,-10,6,-2,-1,9.5,-3.5,-1.5,4.5,-4,3,-6,7,0,0,6,11,-4,-11,-45,-57,-56,-36,-23,21,28,37,41,45,-29,-12,11,20,-2,2,-4,0.5,-0.5,2.5,-17,12,-2,5,-22,20,4,4,10,4.5,0.5,3.5,-3.5,5.5,-1,7,-4,8,-10,-10,-6,-8,0,3,5,7,7,11,14.5,-10.5,-37.5,-28.5,-17.5,-23.5,-33.5,-43.5,-25.5,-14.5,-2,1,-2,-8,-1.5,1.5,1.5,-2,2,2,-3,-8,-5,-7,9,0,happy
1,6.5,1,-1.5,-28.5,24.5,-1.5,-1.5,30.5,-24.5,1.5,7.5,-11,13,-25,21,0,-1,18,43,-16,-43,-101,-132,-190,-195,-177,18,44,95,108,101,-85,-38,37,72,-5.5,5.5,-6.5,5.5,-5.5,8.5,-48,45,-14,13,-76,67,18,17.5,37,13,-4,15,-18,26,-0.5,14.5,-21.5,31.5,-34,-35,-25,-28,0,10,20,26,21,34,-27,-67,-102,-17,54,-43,-85,-129,-49,27,-9,3,-2,-15,-4,4,-5,-4.5,4.5,-0.5,-17,-22,-19,-22,22,9,happy
1,1,2,-1,-20,18,-1,-1,18,-16,0,0,-9,10,-16,15,0,2,15,33,-8,-27,-84,-92,-87,-39,-5,154,160,160,110,84,-63,-27,34,59,-2,2,-5,2,-2,2,-34,36,-8,10,-54,51,7,5.5,14,6.5,-3.5,10.5,-6.5,11.5,-5.5,10.5,-4.5,9.5,-19,-22,-17,-19,0,3,8,7,10,14,28.5,-29.5,-96.5,-66.5,-28.5,21.5,-34.5,-99.5,-70.5,-28.5,-17,-3,-8,-29,-2.5,2.5,1.5,-1.5,1.5,1.5,-15,-23,-12,-13,5,-6,happy
0,1,3,-1.5,-13.5,9.5,-1.5,-1.5,11,-6,0,2,-9,2,-14,9,0,1,11,24,-5,-18,-67.5,-81.5,-99.5,-78.5,-57.5,21.5,39.5,62.5,67.5,67.5,-42,-19,19,39,-2.5,2.5,-4.5,1,-1,3,-26,21,-9,4,-34,35,9,2,15,3.5,1.5,1.5,-4.5,5.5,-2,4,-4,5,-12,-14,-8,-14,0,5,9,9,10,16,12,-13,-38,-22,-11,-32,-56,-80,-42,-12,-4,4,-4,-15,-0.5,0.5,0.5,-3,3,1,-6,-15,-5,-11,12,-1,happy
0,-1,0,-1.5,-11.5,6.5,-1.5,-2.5,10,-11,1,-1,-7,6,-12,11,0,-1,6,16,-7,-16,-59.5,-77.5,-106.5,-84.5,-72.5,37.5,59.5,90.5,69.5,59.5,-34,-17,15,38,-0.5,0.5,-2.5,3,-3,0,-24,24,-7,4,-29,30,3,5.5,7,4.5,-4.5,4.5,-4.5,7.5,2.5,3.5,-4.5,10.5,-16,-14,-14,-12,0,0,4,5,2,3,-10.5,-31.5,-53.5,-18.5,4.5,-8.5,-26.5,-57.5,-16.5,10.5,-17,-5,-5,-17,-1.5,1.5,-1.5,-0.5,0.5,-1.5,-17,-15,-7,-7,-5,0,happy
2,1,3,2.5,-8.5,9.5,-3.5,3.5,8,-9,-2,4,-12,3,-15,6,0,0,10,16,-4,-13,-43.5,-67.5,-98.5,-58.5,-26.5,113.5,100.5,82.5,55.5,43.5,-44,-18,12,23,-2.5,2.5,-1.5,1,-1,0,-29,11,-7,3,-27,22,3,0.5,7,2,1,0,-5,5,-9.5,8.5,-3.5,5.5,-12,-18,-8,-17,0,0,-1,-3,5,9,30,4,-15,-15,-2,-10,-60,-109,-73,-30,-2,1,-11,-31,0,0,-1,-0.5,0.5,-0.5,-6,-24,-5,-12,8,-17,happy
2,1,3,1.5,-11.5,12.5,-1.5,1.5,11,-11,-2,2,-7,4,-12,9,0,1,10,21,-4,-14,-40,-57,-63,-38,-20,86,86,79,57,40,-31,-15,19,36,-2.5,2.5,-0.5,2,-2,-1,-22,20,-5,6,-29,33,7,4.5,16,5.5,3.5,0.5,-9.5,10.5,-1.5,4.5,-9.5,11.5,-13,-14,-8,-10,0,4,9,12,10,16,20,-11,-43,-27,-8,9,-33,-69,-45,-20,-2,1,-1,-9,0.5,-0.5,-4.5,-0.5,0.5,-3.5,-7,-12,-6,-8,13,5,happy
3,3.5,5,0,-15,13,-3,2,12.5,-8.5,0.5,4.5,-12,6,-18,12,0,2,14,30,-8,-24,-78.5,-106.5,-122.5,-86.5,-54.5,30.5,46.5,71.5,74.5,78.5,-55,-27,21,44,-2,2,-4,1.5,-1.5,5.5,-38,26,-9,5,-46,41,11,3,20,4,3,2,-6,7,-5,5,-6,7,-20,-25,-12,-19,0,6,13,12,17,24,20.5,-19.5,-65.5,-53.5,-33.5,-54.5,-74.5,-97.5,-58.5,-20.5,-1,7,-5,-20,-1,1,2,-2,2,0,-6,-22,-11,-16,22,2,happy
1,0,1,-3.5,-28.5,20.5,-2.5,-4.5,27,-20,2,0,-10,12,-19,21,0,2,16,37,-11,-35,-85,-101,-108,-54,-13,176,177,174,117,85,-73,-32,39,79,-2.5,2.5,-9.5,3,-3,5,-43,49,-9,13,-61,66,15,10,21,10,-8,12,-9,17,-4,11,-8,16,-26,-27,-21,-23,0,7,14,15,16,17,21,-27,-97,-58,-6,35,-31,-100,-70,-21,-27,-3,-5,-28,-4,4,1,-2,2,2,-24,-24,-15,-15,5,4,happy
2,1,2,1,-12,14,-1,1,11,-7,0,0,-5,5,-9,8,0,1,7,14,-5,-14,-46.5,-60.5,-59.5,-30.5,-11.5,66.5,73.5,81.5,62.5,46.5,-28,-12,12,25,-3,3,-1,2,-2,3,-17,15,-3,5,-23,23,5,7,10,5.5,-0.5,2.5,-9.5,10.5,1,6,-8,10,-11,-11,-8,-9,0,3,5,6,6,9,13,-19,-55,-39,-24,-6,-32,-63,-37,-13,-3,1,-1,-7,-0.5,0.5,-4.5,-3,3,2,-6,-8,-6,-7,8,2,happy
1,2,0,0,-15,15,-1,0,8,-7,0,2,-4,7,-10,11,0,1,8,16,-7,-20,-31.5,-40.5,-46.5,-57.5,-53.5,59.5,66.5,70.5,47.5,31.5,-40,-17,15,25,-2,2,-1,2,-2,1,-22,15,-4,7,-33,26,8,5,16,6.5,0.5,3.5,-11.5,11.5,1,1,-9,10,-16,-15,-10,-12,0,4,10,12,10,14,-1.5,-23.5,-38.5,-6.5,23.5,34.5,4.5,-28.5,-14.5,1.5,-5,1,-1,-8,-0.5,0.5,-3.5,-2,2,-1,-10,-11,-8,-9,11,2,happy
3,0.5,6,0,-12,12,-1,0,8.5,-6.5,0.5,0.5,-7,5,-10,9,0,2,13,27,-7,-16,-55,-72,-81,-56,-36,18,33,51,55,55,-25,-16,18,39,-3,3,-2,1.5,-1.5,1.5,-20,22,-8,4,-26,37,7,4.5,16,3,1,1,-5,5,-1.5,2.5,-2.5,5.5,-16,-18,-10,-13,0,3,10,15,14,23,19.5,-4.5,-30.5,-21.5,-7.5,-27.5,-44.5,-69.5,-42.5,-19.5,5,5,2,-8,0,0,-1,-0.5,0.5,1.5,-4,-13,-6,-8,16,9,happy
9,2,19,8,-30,26,-14,17,17,-13,-12,9,-32,-7,-37,1,0,3,24,37,-7,-22,-117,-190,-247,-146,-83,26,33,51,91,117,-103,-39,15,24,-6,6,-7,6,-6,-11,-65,8,-17,1,-60,36,11,7.5,25,12.5,23.5,-8.5,-20.5,24.5,-13.5,11.5,-13.5,11.5,-23,-40,-8,-38,0,3,-1,-11,25,47,111,42,-68,-69,-51,-131,-214,-313,-191,-111,45,23,-23,-62,2.5,-2.5,-7.5,-7.5,7.5,-8.5,18,-47,-12,-31,60,-44,happy
0,4.5,0,0,-22,25,0,0,21.5,-20.5,-2.5,6.5,-10,6,-18,15,0,0,11,24,-11,-27,-58.5,-82.5,-131.5,-133.5,-120.5,57.5,73.5,82.5,67.5,58.5,-60,-29,24,44,-10,10,0,5.5,-5.5,2.5,-39,27,-12,8,-50,42,12,13.5,23,13.5,-4.5,8.5,-16.5,16.5,-3.5,12.5,-14.5,20.5,-19,-23,-13,-19,0,6,12,16,15,24,-7,-41,-72,4,59,7,-45,-87,-45,7,-3,4,-4,-18,-1.5,1.5,-11.5,-5.5,5.5,-4.5,-9,-20,-10,-12,18,5,happy
5,8,9,2,-11,16,-4,5,14,-3,-4,13,-20,-6,-21,1,0,3,18,30,-1,-14,-24,-65,-104,-64,-35,100,74,24,15,24,-44,-17,16,28,-1,1,-1,-1,1,3,-32,11,-12,-1,-29,35,5,7,8,5.5,10.5,-5.5,-4.5,7.5,-16,19,-6,12,-11,-21,-2,-22,0,2,0,-14,13,26,34,21,15,27,34,-44,-89,-119,-69,-34,17,13,-18,-49,-0.5,0.5,2.5,-4,4,0,6,-35,-3,-13,27,-35,happy
0,2,1,-0.5,-22.5,12.5,-1.5,0.5,21,-14,1,1,-8,10,-18,16,0,0,15,31,-15,-32,-121,-148,-155,-104,-69,61,93,145,129,121,-73,-34,28,62,-2.5,2.5,-4.5,3,-3,5,-42,38,-9,8,-57,50,9,5.5,13,3,-3,6,-8,10,-6.5,5.5,-8.5,8.5,-18,-23,-15,-18,0,3,9,7,11,15,3,-48,-115,-96,-66,-61,-98,-135,-57,-3,-13,1,-7,-29,-1,1,-1,-1.5,1.5,-1.5,-14,-23,-10,-12,8,-4,happy
2,3.5,3,-3,-28,19,0,-4,25.5,-20.5,-3.5,6.5,-12,10,-24,19,0,1,19,47,-12,-35,-101.5,-146.5,-209.5,-197.5,-172.5,0.5,48.5,100.5,105.5,101.5,-78,-36,39,84,-8,8,-5,4.5,-4.5,5.5,-48,49,-13,11,-68,74,15,14.5,31,15,-3,8,-21,22,-4.5,17.5,-17.5,22.5,-31,-31,-21,-27,0,9,16,20,17,29,-31.5,-74.5,-101.5,-25.5,42.5,-36.5,-84.5,-128.5,-50.5,31.5,-15,3,-4,-29,-3,3,-10,-4.5,4.5,-4.5,-17,-29,-12,-18,17,-1,happy
1,0,0,0,-6,5,0,0,5,-5,0,0,-2,3,-5,5,0,0,4,9,-4,-8,-24.5,-35.5,-50.5,-49.5,-46.5,13.5,23.5,36.5,30.5,24.5,-15,-8,9,19,-1,1,-1,1,-1,0,-10,12,-2,3,-14,15,4,1.5,7,2.5,-0.5,2.5,-3.5,3.5,0.5,1.5,-1.5,3.5,-6,-6,-5,-4,0,2,4,4,3,3,-8.5,-19.5,-31.5,-8.5,13.5,1.5,-10.5,-23.5,-5.5,8.5,-7,-1,0,-2,-0.5,0.5,-1.5,-0.5,0.5,0.5,-5,-4,-3,-2,0,3,happy
